Date,High,Low,Open,Close,Volume,Adj Close
2009-01-02,25.291439056396484,23.816028594970703,25.19125747680664,23.91621208190918,3639300.0,12.988282203674316
2009-01-05,24.581056594848633,22.905282974243164,23.642986297607422,23.296903610229492,6173100.0,12.651957511901855
2009-01-06,24.134790420532227,22.650272369384766,23.5336971282959,23.424407958984375,7255500.0,12.721199035644531
2009-01-07,23.433515548706055,22.486339569091797,23.233150482177734,22.63205909729004,4611700.0,12.290895462036133
2009-01-08,22.486339569091797,21.703096389770508,22.38615608215332,22.03096580505371,3832400.0,11.964457511901855
2009-01-09,22.240436553955078,20.300546646118164,22.085609436035156,20.473588943481445,6178800.0,11.118683815002441
2009-01-12,20.874317169189453,19.43533706665039,20.336977005004883,19.79052734375,5524100.0,10.747730255126953
2009-01-13,20.77413558959961,19.307832717895508,19.49909019470215,20.59198570251465,4605000.0,11.182984352111816
2009-01-14,20.309654235839844,19.48998260498047,19.899818420410156,19.726776123046875,5862300.0,10.713109970092773
2009-01-15,21.28415298461914,18.87067413330078,19.726776123046875,20.673952102661133,6614900.0,11.227496147155762
2009-01-16,21.68488121032715,19.98178482055664,21.202186584472656,21.193078994750977,8198200.0,11.509421348571777
2009-01-20,21.739526748657227,18.67030906677246,20.883424758911133,18.852458953857422,10502400.0,10.238290786743164
2009-01-21,21.520946502685547,18.606557846069336,19.21675682067871,21.147541046142578,8886700.0,11.484688758850098
2009-01-22,21.794170379638672,19.772314071655273,20.51001739501953,20.51001739501953,7786400.0,11.138465881347656
2009-01-23,20.76502799987793,19.335155487060547,19.663022994995117,20.628416061401367,7619000.0,11.202767372131348
2009-01-26,21.3023681640625,20.03643035888672,20.73770523071289,20.628416061401367,5408500.0,11.202767372131348
2009-01-27,21.411657333374023,20.53734016418457,20.983606338500977,21.3479061126709,4871400.0,11.593505859375
2009-01-28,24.043716430664062,21.67577362060547,21.994535446166992,23.816028594970703,9777900.0,12.933876991271973
2009-01-29,24.0710391998291,22.112932205200195,22.96903419494629,22.204008102416992,11016500.0,12.058427810668945
2009-01-30,23.023679733276367,20.828779220581055,22.513660430908203,21.2568302154541,10020400.0,11.544044494628906
2009-02-02,21.548269271850586,20.19125747680664,20.75592041015625,21.393442153930664,9431900.0,11.618231773376465
2009-02-03,22.42258644104004,21.07468032836914,21.703096389770508,22.167577743530273,8420100.0,12.038646697998047
2009-02-04,22.96903419494629,21.88524627685547,22.249544143676758,21.948997497558594,5742100.0,11.919943809509277
2009-02-05,21.948997497558594,20.637523651123047,21.010929107666016,20.938068389892578,7460200.0,11.614340782165527
2009-02-06,22.905282974243164,20.983606338500977,21.584699630737305,22.741348266601562,6730500.0,12.614618301391602
2009-02-09,23.296903610229492,22.349727630615234,22.741348266601562,23.19672203063965,4310100.0,12.867216110229492
2009-02-10,23.19672203063965,20.255008697509766,22.814207077026367,20.38251304626465,8879600.0,11.306175231933594
2009-02-11,20.956283569335938,19.362476348876953,20.683059692382812,20.491804122924805,6971000.0,11.366799354553223
2009-02-12,19.82695770263672,17.98724937438965,19.46265983581543,19.62659454345703,11575300.0,10.886866569519043
2009-02-13,19.61748695373535,18.214935302734375,19.42622947692871,18.278688430786133,7127900.0,10.139184951782227
2009-02-17,18.13296890258789,16.903461456298828,17.723133087158203,17.331512451171875,7823000.0,9.613784790039062
2009-02-18,17.94171142578125,16.939889907836914,17.686702728271484,17.59562873840332,6810400.0,9.760290145874023
2009-02-19,18.18761444091797,16.247722625732422,17.896175384521484,16.530054092407227,8587300.0,9.169215202331543
2009-02-20,18.415300369262695,15.473587989807129,15.965391159057617,18.360654830932617,11705900.0,10.184649467468262
2009-02-23,18.615665435791016,16.89435386657715,18.433515548706055,16.967212677001953,13200900.0,9.411707878112793
2009-02-24,18.806921005249023,17.085609436035156,17.085609436035156,18.7431697845459,11533700.0,10.396829605102539
2009-02-25,19.41712188720703,17.550090789794922,18.7431697845459,18.460838317871094,10672100.0,10.24022388458252
2009-02-26,19.371583938598633,17.02185821533203,18.761384963989258,17.185792922973633,10347600.0,9.532957077026367
2009-02-27,17.841529846191406,16.448087692260742,16.903461456298828,16.639345169067383,11604300.0,9.229841232299805
2009-03-02,16.539161682128906,15.318761825561523,15.910746574401855,15.528233528137207,14874100.0,8.613504409790039
2009-03-03,16.693988800048828,14.380692481994629,15.54644775390625,15.591985702514648,13621100.0,8.6488676071167
2009-03-04,16.47541046142578,15.528233528137207,16.010929107666016,15.947176933288574,11354000.0,8.845894813537598
2009-03-05,15.874317169189453,14.544626235961914,15.65573787689209,14.717668533325195,11828200.0,8.163886070251465
2009-03-06,15.209471702575684,13.597450256347656,14.9180326461792,14.644808769226074,11933900.0,8.1234712600708
2009-03-09,15.054644584655762,14.080145835876465,14.417121887207031,14.98178482055664,7658300.0,8.310391426086426
2009-03-10,17.04918098449707,15.0819673538208,15.473587989807129,17.04918098449707,14734800.0,9.45717716217041
2009-03-11,17.304189682006836,16.193078994750977,17.304189682006836,16.584699630737305,11106800.0,9.199527740478516
2009-03-12,18.224042892456055,16.2568302154541,16.630237579345703,18.069217681884766,11879100.0,10.022990226745605
2009-03-13,18.35154914855957,16.602914810180664,18.16029167175293,17.085609436035156,9463900.0,9.477383613586426
2009-03-16,17.695810317993164,15.67395305633545,17.295082092285156,15.819672584533691,9364200.0,8.775169372558594
2009-03-17,17.05828857421875,15.255008697509766,16.047359466552734,17.04007339477539,10227800.0,9.452123641967773
2009-03-18,17.93260383605957,16.038251876831055,16.81238555908203,17.877960205078125,10576900.0,9.916898727416992
2009-03-19,18.369762420654297,16.785064697265625,18.18761444091797,16.994535446166992,9494900.0,9.426865577697754
2009-03-20,17.122039794921875,15.409835815429688,16.557376861572266,15.418943405151367,11125500.0,8.55288314819336
2009-03-23,18.360654830932617,16.001821517944336,16.1384334564209,18.32422637939453,13649500.0,10.16444206237793
2009-03-24,18.096538543701172,16.411657333374023,17.513660430908203,16.748634338378906,9722100.0,9.290464401245117
2009-03-25,17.550090789794922,15.318761825561523,17.085609436035156,16.748634338378906,10352900.0,9.290464401245117
2009-03-26,17.295082092285156,15.264116287231445,16.85792350769043,16.566484451293945,10413200.0,9.189425468444824
2009-03-27,16.402549743652344,15.67395305633545,16.147541046142578,15.810564994812012,6679500.0,8.770116806030273
2009-03-30,15.64663028717041,14.9180326461792,15.437158584594727,14.99089241027832,8796100.0,8.315443992614746
2009-03-31,16.566484451293945,15.218579292297363,15.528233528137207,16.2568302154541,12647000.0,9.017659187316895
2009-04-01,16.29326057434082,15.54644775390625,15.73770523071289,15.73770523071289,8222300.0,8.72970199584961
2009-04-02,17.267759323120117,15.792349815368652,16.3023681640625,16.930782318115234,11272900.0,9.391501426696777
2009-04-03,18.488161087036133,16.165756225585938,16.712203979492188,18.369762420654297,17058700.0,10.189702987670898
2009-04-06,18.88888931274414,17.57741355895996,18.19672203063965,18.460838317871094,13099100.0,10.24022388458252
2009-04-07,18.278688430786133,16.621129989624023,17.850637435913086,16.64845085144043,14872000.0,9.234892845153809
2009-04-08,17.276866912841797,16.31147575378418,16.83060073852539,16.82149314880371,7964000.0,9.330878257751465
2009-04-09,19.40801429748535,17.076501846313477,17.149362564086914,19.28050994873047,11554300.0,10.694894790649414
2009-04-13,19.79052734375,18.269580841064453,18.779600143432617,19.353370666503906,6564100.0,10.735308647155762
2009-04-14,19.171220779418945,17.40437126159668,18.779600143432617,17.550090789794922,10401200.0,9.735029220581055
2009-04-15,19.526411056518555,17.158470153808594,17.41347885131836,19.40801429748535,10837200.0,10.765618324279785
2009-04-16,20.9289608001709,18.460838317871094,19.180328369140625,20.072858810424805,8454300.0,11.134406089782715
2009-04-17,20.619308471679688,19.016393661499023,19.98178482055664,19.845172882080078,8752300.0,11.008111953735352
2009-04-20,19.41712188720703,17.513660430908203,19.125682830810547,17.58652114868164,8965600.0,9.75523853302002
2009-04-21,19.517303466796875,16.994535446166992,17.37704849243164,19.061931610107422,11297100.0,10.573649406433105
2009-04-22,19.335155487060547,18.069217681884766,18.406192779541016,18.10564613342285,9121800.0,10.043198585510254
2009-04-23,19.45355224609375,17.94171142578125,18.060110092163086,19.380691528320312,6210100.0,10.750460624694824
2009-04-24,20.473588943481445,18.89799690246582,19.307832717895508,20.072858810424805,8546600.0,11.134406089782715
2009-04-27,20.054645538330078,18.825136184692383,19.62659454345703,19.44444465637207,6758500.0,10.785828590393066
2009-04-28,20.601093292236328,19.125682830810547,19.25318717956543,20.072858810424805,5615800.0,11.134406089782715
2009-04-29,21.29326057434082,19.82695770263672,20.318761825561523,20.983606338500977,7625300.0,11.639598846435547
2009-04-30,20.992713928222656,19.754098892211914,20.491804122924805,19.99089241027832,7111800.0,11.088940620422363
2009-05-01,19.708560943603516,18.852458953857422,19.672130584716797,19.089252471923828,5339100.0,10.838194847106934
2009-05-04,21.065574645996094,19.098360061645508,19.116575241088867,21.020036697387695,9118600.0,11.93442440032959
2009-05-05,20.455373764038086,19.62659454345703,20.400728225708008,19.936246871948242,21231500.0,11.319089889526367
2009-05-06,20.71038246154785,19.46265983581543,20.00910758972168,20.264116287231445,8811700.0,11.505242347717285
2009-05-07,20.910747528076172,18.970855712890625,20.701274871826172,19.362476348876953,9787100.0,10.993324279785156
2009-05-08,20.983606338500977,19.25318717956543,19.80874252319336,20.9289608001709,8124800.0,11.882715225219727
2009-05-11,20.646629333496094,19.672130584716797,20.291439056396484,19.79963493347168,7344600.0,11.241523742675781
2009-05-12,20.391620635986328,19.26229476928711,20.336977005004883,19.98178482055664,7462900.0,11.344942092895508
2009-05-13,19.854280471801758,18.989070892333984,19.590164184570312,19.125682830810547,7077100.0,10.858880043029785
2009-05-14,19.863388061523438,18.6520938873291,19.098360061645508,19.63570213317871,6340200.0,11.148447036743164
2009-05-15,19.653915405273438,18.460838317871094,19.508195877075195,18.761384963989258,6042900.0,10.652044296264648
2009-05-18,20.601093292236328,18.9071044921875,19.162113189697266,20.53734016418457,8249100.0,11.660367965698242
2009-05-19,20.683059692382812,19.699453353881836,20.264116287231445,20.00910758972168,4864000.0,11.360452651977539
2009-05-20,20.77413558959961,19.380691528320312,20.36429786682129,19.49909019470215,5807200.0,11.070887565612793
2009-05-21,19.99089241027832,19.034608840942383,19.24407958984375,19.63570213317871,4284800.0,11.148447036743164
2009-05-22,20.18214988708496,19.23497200012207,19.781421661376953,19.24407958984375,3997700.0,10.926102638244629
2009-05-26,20.637523651123047,19.025501251220703,19.26229476928711,20.53734016418457,7261800.0,11.660367965698242
2009-05-27,20.664844512939453,19.44444465637207,20.646629333496094,19.535518646240234,7004400.0,11.091567039489746
2009-05-28,20.437158584594727,19.40801429748535,19.81785011291504,20.300546646118164,5339100.0,11.52592658996582
2009-05-29,21.174863815307617,19.899818420410156,20.318761825561523,21.156648635864258,6974600.0,12.011992454528809
2009-06-01,22.22222137451172,20.874317169189453,21.220399856567383,21.420764923095703,7213400.0,12.161942481994629
2009-06-02,21.593807220458984,20.73770523071289,21.49362564086914,20.792348861694336,6207800.0,11.80515193939209
2009-06-03,20.983606338500977,20.473588943481445,20.637523651123047,20.983606338500977,4251800.0,11.913741111755371
2009-06-04,21.903461456298828,21.001821517944336,21.165756225585938,21.83970832824707,6804600.0,12.399808883666992
2009-06-05,22.313297271728516,21.07468032836914,22.04918098449707,21.375226974487305,6617900.0,12.136089324951172
2009-06-08,21.939889907836914,21.12021827697754,21.32058334350586,21.639345169067383,4474000.0,12.286050796508789
2009-06-09,21.739526748657227,21.357013702392578,21.703096389770508,21.612022399902344,3740200.0,12.27053451538086
2009-06-10,21.85792350769043,20.71038246154785,21.82149314880371,21.12932586669922,4941900.0,11.996478080749512
2009-06-11,21.393442153930664,20.54644775390625,21.08378791809082,20.646629333496094,4163700.0,11.722419738769531
2009-06-12,21.32058334350586,20.428050994873047,20.601093292236328,21.32058334350586,4903700.0,12.105064392089844
2009-06-15,21.12932586669922,19.46265983581543,21.07468032836914,19.663022994995117,8292200.0,11.163957595825195
2009-06-16,20.218578338623047,19.23497200012207,19.79963493347168,19.526411056518555,3140000.0,11.086398124694824
2009-06-17,19.699453353881836,18.88888931274414,19.526411056518555,18.961748123168945,4079900.0,10.7658052444458
2009-06-18,19.25318717956543,18.761384963989258,18.961748123168945,19.034608840942383,3905300.0,10.807168006896973
2009-06-19,19.26229476928711,18.597450256347656,19.26229476928711,18.89799690246582,7353600.0,10.729609489440918
2009-06-22,18.87978172302246,17.914390563964844,18.761384963989258,17.96903419494629,6518700.0,10.202173233032227
2009-06-23,18.460838317871094,17.896175384521484,18.078323364257812,18.16029167175293,4992700.0,10.31076431274414
2009-06-24,18.970855712890625,18.306011199951172,18.606557846069336,18.788705825805664,3871800.0,10.667555809020996
2009-06-25,19.116575241088867,18.442623138427734,18.67030906677246,19.107467651367188,3913100.0,10.848539352416992
2009-06-26,19.344263076782227,18.852458953857422,19.052824020385742,19.21675682067871,4953400.0,10.910588264465332
2009-06-29,19.371583938598633,18.89799690246582,19.316940307617188,19.198543548583984,3287100.0,10.90024471282959
2009-06-30,19.380691528320312,18.88888931274414,19.153005599975586,19.298725128173828,3283500.0,10.957128524780273
2009-07-01,19.854280471801758,19.21675682067871,19.380691528320312,19.735883712768555,2895300.0,11.205329895019531
2009-07-02,19.526411056518555,18.588342666625977,19.40801429748535,18.588342666625977,5937500.0,10.55379581451416
2009-07-06,19.61748695373535,18.5336971282959,18.579235076904297,19.571949005126953,5377500.0,11.11225414276123
2009-07-07,19.98178482055664,18.934425354003906,19.97267723083496,18.998178482055664,5580200.0,10.786490440368652
2009-07-08,19.344263076782227,18.32422637939453,19.162113189697266,18.87978172302246,7273500.0,10.719267845153809
2009-07-09,19.052824020385742,18.35154914855957,19.052824020385742,18.415300369262695,4468300.0,10.455551147460938
2009-07-10,18.67941665649414,18.023679733276367,18.33333396911621,18.551912307739258,2801200.0,10.533112525939941
2009-07-13,19.48998260498047,18.451730728149414,18.7431697845459,19.47176742553711,6175900.0,11.055374145507812
2009-07-14,19.82695770263672,19.089252471923828,19.44444465637207,19.717668533325195,3835200.0,11.194989204406738
2009-07-15,20.601093292236328,19.735883712768555,19.927141189575195,20.36429786682129,6056100.0,11.562124252319336
2009-07-16,20.71949005126953,19.890710830688477,20.18214988708496,20.53734016418457,3103700.0,11.660367965698242
2009-07-17,20.619308471679688,19.99089241027832,20.619308471679688,20.072858810424805,4312200.0,11.396650314331055
2009-07-20,20.956283569335938,20.245901107788086,20.245901107788086,20.892532348632812,4342400.0,11.862037658691406
2009-07-21,21.11111068725586,20.346084594726562,20.974498748779297,20.874317169189453,3017600.0,11.851686477661133
2009-07-22,21.220399856567383,20.601093292236328,20.601093292236328,20.874317169189453,3323900.0,11.851686477661133
2009-07-23,22.112932205200195,20.701274871826172,20.76502799987793,21.83060073852539,5208000.0,12.394635200500488
2009-07-24,22.2313289642334,21.4663028717041,21.693988800048828,22.2313289642334,2395600.0,12.622153282165527
2009-07-27,22.522768020629883,21.948997497558594,22.05828857421875,22.495447158813477,2998700.0,12.772110939025879
2009-07-28,22.7686710357666,22.131147384643555,22.349727630615234,22.686702728271484,3274200.0,12.880701065063477
2009-07-29,22.677595138549805,22.112932205200195,22.513660430908203,22.37704849243164,3060600.0,12.704887390136719
2009-07-30,24.28961753845215,22.58652114868164,22.677595138549805,23.91621208190918,6917400.0,13.578767776489258
2009-07-31,24.134790420532227,23.35154914855957,23.843351364135742,23.460838317871094,4688200.0,13.32022762298584
2009-08-03,24.125682830810547,23.451730728149414,23.797813415527344,23.89799690246582,4358400.0,13.568429946899414
2009-08-04,24.098360061645508,22.905282974243164,23.806921005249023,24.08014488220215,9439600.0,13.94017219543457
2009-08-05,24.143898010253906,22.58652114868164,22.62295150756836,24.043716430664062,17544300.0,13.919086456298828
2009-08-06,24.726776123046875,23.70673942565918,24.098360061645508,24.153005599975586,6613200.0,13.982351303100586
2009-08-07,26.038251876831055,24.326047897338867,24.326047897338867,25.57377052307129,6454800.0,14.804842948913574
2009-08-10,25.628416061401367,24.908926010131836,25.346084594726562,25.20947265625,4588200.0,14.593950271606445
2009-08-11,25.409835815429688,24.571949005126953,25.063753128051758,25.127504348754883,6046000.0,14.546500205993652
2009-08-12,25.947175979614258,25.072858810424805,25.081966400146484,25.619308471679688,5427100.0,14.83120346069336
2009-08-13,26.07468032836914,25.37340545654297,25.801456451416016,25.673952102661133,2998700.0,14.862835884094238
2009-08-14,25.974498748779297,25.0,25.51001739501953,25.974498748779297,5633700.0,15.03683090209961
2009-08-17,25.318761825561523,24.344263076782227,25.264116287231445,24.40801429748535,7845800.0,14.129979133605957
2009-08-18,24.79052734375,24.153005599975586,24.508195877075195,24.608379364013672,5611800.0,14.24597454071045
2009-08-19,24.544626235961914,24.007286071777344,24.28050994873047,24.47176742553711,4665900.0,14.166885375976562
2009-08-20,25.36429786682129,24.326047897338867,24.49909019470215,25.300546646118164,4552000.0,14.646674156188965
2009-08-21,26.502731323242188,25.473588943481445,25.54644775390625,25.91985511779785,4344700.0,15.005192756652832
2009-08-24,26.27504539489746,25.336977005004883,26.10200309753418,25.455373764038086,4401200.0,14.73630428314209
2009-08-25,26.038251876831055,25.455373764038086,25.56466293334961,25.846994400024414,3642300.0,14.963014602661133
2009-08-26,25.983606338500977,25.52823257446289,25.75592041015625,25.874317169189453,3143400.0,14.978833198547363
2009-08-27,26.730419158935547,25.273223876953125,25.856101989746094,26.639345169067383,3995200.0,15.42171859741211
2009-08-28,26.948997497558594,26.147541046142578,26.80327796936035,26.584699630737305,3778400.0,15.390077590942383
2009-08-31,26.64845085144043,25.837886810302734,26.438980102539062,25.938068389892578,5721100.0,15.015737533569336
2009-09-01,25.810564041137695,24.134790420532227,25.76502799987793,24.153005599975586,8472000.0,13.982351303100586
2009-09-02,24.143898010253906,23.752277374267578,24.143898010253906,23.788705825805664,5484700.0,13.771453857421875
2009-09-03,24.26229476928711,23.66120147705078,24.025501251220703,24.24407958984375,4129900.0,14.035072326660156
2009-09-04,24.307832717895508,23.6976318359375,24.25318717956543,24.26229476928711,3448900.0,14.045619010925293
2009-09-08,25.282331466674805,24.344263076782227,24.590164184570312,25.273223876953125,4186300.0,14.630854606628418
2009-09-09,25.91985511779785,25.0455379486084,25.245901107788086,25.819671630859375,3244000.0,14.9472017288208
2009-09-10,25.910747528076172,25.300546646118164,25.73770523071289,25.837886810302734,3038900.0,14.957741737365723
2009-09-11,26.10200309753418,25.309654235839844,25.91985511779785,25.55555534362793,3427700.0,14.79429817199707
2009-09-14,26.2568302154541,25.19125747680664,25.346084594726562,26.229507446289062,4026300.0,15.184456825256348
2009-09-15,26.86703109741211,25.664844512939453,26.220399856567383,26.64845085144043,4583300.0,15.426984786987305
2009-09-16,26.985427856445312,25.73770523071289,25.73770523071289,26.930782318115234,5037400.0,15.590433120727539
2009-09-17,27.823314666748047,26.420764923095703,26.939889907836914,26.83970832824707,3995500.0,15.53770923614502
2009-09-18,27.477231979370117,26.566484451293945,26.939889907836914,27.36794090270996,5874000.0,15.843500137329102
2009-09-21,27.395263671875,26.775957107543945,27.01275062561035,26.994535446166992,5174800.0,15.627333641052246
2009-09-22,27.98724937438965,27.2313289642334,27.295082092285156,27.7686710357666,4622000.0,16.075485229492188
2009-09-23,27.868852615356445,26.575592041015625,27.832422256469727,26.584699630737305,4569200.0,15.390077590942383
2009-09-24,27.01275062561035,25.792348861694336,26.785064697265625,26.001821517944336,4722700.0,15.052644729614258
2009-09-25,26.3023681640625,25.53734016418457,25.956283569335938,25.9289608001709,2883800.0,15.010465621948242
2009-09-28,26.939889907836914,25.9289608001709,26.0928955078125,26.903461456298828,3678400.0,15.574613571166992
2009-09-29,27.185792922973633,26.32058334350586,26.88524627685547,26.420764923095703,3169400.0,15.295178413391113
2009-09-30,26.65755844116211,25.801456451416016,26.566484451293945,26.174863815307617,3636400.0,15.152824401855469
2009-10-01,26.33879852294922,25.109289169311523,26.147541046142578,25.20947265625,5815000.0,14.593950271606445
2009-10-02,25.51912498474121,24.535518646240234,24.899818420410156,24.79963493347168,4479100.0,14.35669231414795
2009-10-05,25.455373764038086,24.872495651245117,25.0,25.36429786682129,3685900.0,14.683574676513672
2009-10-06,25.901639938354492,24.98178482055664,25.58287811279297,25.38251304626465,2420700.0,14.694121360778809
2009-10-07,25.57377052307129,25.0455379486084,25.327869415283203,25.400728225708008,2082100.0,14.704667091369629
2009-10-08,26.211294174194336,25.59198570251465,25.601093292236328,26.0928955078125,4203200.0,15.105368614196777
2009-10-09,26.712203979492188,25.974498748779297,26.056467056274414,26.712203979492188,3331500.0,15.46389389038086
2009-10-12,27.04918098449707,26.557376861572266,26.794170379638672,26.66666603088379,2815900.0,15.437532424926758
2009-10-13,27.04007339477539,26.384334564208984,26.557376861572266,26.693988800048828,3891500.0,15.453348159790039
2009-10-14,28.051002502441406,27.05828857421875,27.085609436035156,27.905282974243164,6187700.0,16.154573440551758
2009-10-15,28.069217681884766,27.659379959106445,27.732240676879883,27.98724937438965,3641200.0,16.2020206451416
2009-10-16,27.805099487304688,27.35883331298828,27.650272369384766,27.4408016204834,4365600.0,15.885683059692383
2009-10-19,28.31511878967285,27.477231979370117,27.604736328125,28.051002502441406,3799700.0,16.23893165588379
2009-10-20,27.95081901550293,27.194900512695312,27.95081901550293,27.40437126159668,3512900.0,15.864591598510742
2009-10-21,27.786884307861328,26.903461456298828,27.331512451171875,26.921676635742188,3651100.0,15.585155487060547
2009-10-22,27.522768020629883,26.49362564086914,26.84881591796875,27.459016799926758,4738400.0,15.896225929260254
2009-10-23,27.650272369384766,27.122039794921875,27.486339569091797,27.285974502563477,3166000.0,15.796053886413574
2009-10-26,28.087430953979492,27.322404861450195,27.349727630615234,27.43169403076172,3553200.0,15.880406379699707
2009-10-27,27.741348266601562,27.194900512695312,27.395263671875,27.313297271728516,3304600.0,15.811868667602539
2009-10-28,27.62295150756836,26.165756225585938,27.213115692138672,26.193078994750977,4839400.0,15.163365364074707
2009-10-29,27.604736328125,26.429872512817383,26.602914810180664,27.59562873840332,5181900.0,15.975310325622559
2009-10-30,27.513660430908203,26.247722625732422,27.36794090270996,26.948997497558594,7479200.0,15.600972175598145
2009-11-02,27.77777862548828,26.530054092407227,27.112932205200195,27.295082092285156,4986500.0,15.801321983337402
2009-11-03,27.37704849243164,26.393442153930664,26.930782318115234,27.03096580505371,5493800.0,15.648425102233887
2009-11-04,27.395263671875,25.801456451416016,27.340620040893555,25.865209579467773,5680800.0,14.97355842590332
2009-11-05,26.029144287109375,25.37340545654297,25.57377052307129,25.874317169189453,4808500.0,15.250049591064453
2009-11-06,25.9289608001709,25.136611938476562,25.58287811279297,25.273223876953125,3694100.0,14.895770072937012
2009-11-09,26.28415298461914,25.428050994873047,25.59198570251465,26.27504539489746,5249000.0,15.486228942871094
2009-11-10,26.2568302154541,25.637523651123047,26.193078994750977,26.029144287109375,3708600.0,15.341300010681152
2009-11-11,26.64845085144043,26.001821517944336,26.26593780517578,26.621129989624023,3858000.0,15.690207481384277
2009-11-12,26.775957107543945,26.147541046142578,26.575592041015625,26.165756225585938,3630800.0,15.421821594238281
2009-11-13,26.766849517822266,26.220399856567383,26.32058334350586,26.539161682128906,2607700.0,15.641902923583984
2009-11-16,27.331512451171875,26.67577362060547,26.748634338378906,26.967212677001953,4875700.0,15.894186973571777
2009-11-17,27.331512451171875,26.721311569213867,26.88524627685547,26.88524627685547,4319300.0,15.845876693725586
2009-11-18,27.41347885131836,26.748634338378906,26.958105087280273,27.349727630615234,2937300.0,16.119638442993164
2009-11-19,27.267759323120117,26.766849517822266,27.267759323120117,27.112932205200195,4392400.0,15.98006820678711
2009-11-20,27.540983200073242,26.89435386657715,26.976320266723633,27.349727630615234,4243000.0,16.119638442993164
2009-11-23,28.11475372314453,27.540983200073242,27.659379959106445,27.750455856323242,4196000.0,16.355825424194336
2009-11-24,27.95081901550293,27.522768020629883,27.795991897583008,27.741348266601562,3847200.0,16.35045051574707
2009-11-25,28.087430953979492,27.704917907714844,27.786884307861328,27.832422256469727,2133600.0,16.404132843017578
2009-11-27,27.668487548828125,26.84881591796875,27.04918098449707,27.076501846313477,1925400.0,15.95860481262207
2009-11-30,28.642986297607422,27.02185821533203,27.204008102416992,28.50637435913086,5959000.0,16.801353454589844
2009-12-01,29.0710391998291,28.51548194885254,28.633880615234375,28.779600143432617,4103900.0,16.962387084960938
2009-12-02,29.28961753845215,28.6520938873291,28.779600143432617,28.998178482055664,4798400.0,17.09122085571289
2009-12-03,30.236793518066406,29.125682830810547,29.171220779418945,29.42622947692871,6291900.0,17.343507766723633
2009-12-04,30.464481353759766,29.298725128173828,29.872495651245117,29.908926010131836,5543400.0,17.62800407409668
2009-12-07,29.97267723083496,28.9071044921875,29.81785011291504,29.162113189697266,3934700.0,17.18783187866211
2009-12-08,29.508195877075195,28.806921005249023,28.852458953857422,28.89799690246582,3353800.0,17.032163619995117
2009-12-09,29.125682830810547,28.6976318359375,28.88888931274414,28.7431697845459,3172500.0,16.940919876098633
2009-12-10,29.007286071777344,28.360654830932617,28.788705825805664,28.551912307739258,2550800.0,16.82819366455078
2009-12-11,28.806921005249023,28.31511878967285,28.779600143432617,28.66120147705078,2974100.0,16.892606735229492
2009-12-14,29.016393661499023,28.497268676757812,28.72495460510254,28.979963302612305,3225400.0,17.080480575561523
2009-12-15,28.68852424621582,28.31511878967285,28.497268676757812,28.442623138427734,3265100.0,16.763782501220703
2009-12-16,28.806921005249023,28.32422637939453,28.5336971282959,28.460838317871094,3060000.0,16.774518966674805
2009-12-17,28.424407958984375,27.905282974243164,28.360654830932617,28.069217681884766,3423800.0,16.543699264526367
2009-12-18,28.18761444091797,27.704917907714844,28.096538543701172,27.98724937438965,5004100.0,16.495384216308594
2009-12-21,28.32422637939453,27.96903419494629,28.078323364257812,28.233150482177734,2895500.0,16.640317916870117
2009-12-22,28.488161087036133,28.11475372314453,28.31511878967285,28.406192779541016,2716400.0,16.742311477661133
2009-12-23,28.834243774414062,28.233150482177734,28.378870010375977,28.597450256347656,2144100.0,16.855031967163086
2009-12-24,29.043716430664062,28.642986297607422,28.761384963989258,28.979963302612305,936500.0,17.080480575561523
2009-12-28,29.298725128173828,28.788705825805664,29.089252471923828,28.934425354003906,3733000.0,17.053638458251953
2009-12-29,29.08014488220215,28.287796020507812,29.052824020385742,28.369762420654297,2259000.0,16.720836639404297
2009-12-30,28.469945907592773,28.16029167175293,28.296903610229492,28.469945907592773,2197600.0,16.779876708984375
2009-12-31,28.68852424621582,27.786884307861328,28.469945907592773,27.814207077026367,2934500.0,16.393396377563477
2010-01-04,28.33333396911621,27.340620040893555,28.260473251342773,27.38615608215332,4278600.0,16.141109466552734
2010-01-05,27.604736328125,26.88524627685547,27.477231979370117,27.313297271728516,4180600.0,16.098169326782227
2010-01-06,27.540983200073242,27.04918098449707,27.185792922973633,27.149362564086914,2963700.0,16.001543045043945
2010-01-07,27.62295150756836,26.88524627685547,27.167577743530273,27.522768020629883,3924800.0,16.221622467041016
2010-01-08,27.750455856323242,27.41347885131836,27.449909210205078,27.704917907714844,3059700.0,16.3289852142334
2010-01-11,28.096538543701172,27.723133087158203,27.832422256469727,28.014572143554688,2572600.0,16.51148796081543
2010-01-12,28.005464553833008,27.340620040893555,27.795991897583008,27.540983200073242,3143400.0,16.232357025146484
2010-01-13,27.850637435913086,27.41347885131836,27.59562873840332,27.750455856323242,4628700.0,16.355825424194336
2010-01-14,27.750455856323242,27.349727630615234,27.62295150756836,27.668487548828125,2974200.0,16.307514190673828
2010-01-15,27.750455856323242,27.459016799926758,27.61384391784668,27.64116668701172,3852600.0,16.29140853881836
2010-01-19,28.542804718017578,27.58652114868164,27.59562873840332,28.497268676757812,4474800.0,16.795988082885742
2010-01-20,28.33333396911621,27.714025497436523,28.33333396911621,27.97814178466797,3440500.0,16.490022659301758
2010-01-21,28.14207649230957,27.094717025756836,28.023679733276367,27.149362564086914,4652700.0,16.001543045043945
2010-01-22,27.495447158813477,26.630237579345703,27.103824615478516,26.730419158935547,4995500.0,15.75462532043457
2010-01-25,27.05828857421875,26.3479061126709,27.05828857421875,26.739526748657227,3107500.0,15.759991645812988
2010-01-26,26.548269271850586,25.874317169189453,26.530054092407227,25.938068389892578,4624800.0,15.287622451782227
2010-01-27,26.174863815307617,25.491804122924805,25.947175979614258,26.156648635864258,5059200.0,15.416450500488281
2010-01-28,26.420764923095703,25.74681282043457,26.420764923095703,26.020036697387695,4295100.0,15.335936546325684
2010-01-29,26.3023681640625,25.646629333496094,26.1384334564209,25.819671630859375,5562500.0,15.217840194702148
2010-02-01,26.511838912963867,25.938068389892578,25.956283569335938,26.3479061126709,3151000.0,15.529175758361816
2010-02-02,27.04007339477539,26.12021827697754,26.384334564208984,26.958105087280273,4240600.0,15.888816833496094
2010-02-03,26.903461456298828,26.402549743652344,26.86703109741211,26.621129989624023,2955200.0,15.690207481384277
2010-02-04,26.457195281982422,25.273223876953125,26.448087692260742,25.291439056396484,8205900.0,14.906501770019531
2010-02-05,25.71949005126953,24.82695770263672,25.428050994873047,25.52823257446289,7692600.0,15.04607105255127
2010-02-08,25.664844512939453,24.754098892211914,25.59198570251465,24.845172882080078,4526100.0,14.64348316192627
2010-02-09,24.854280471801758,24.316940307617188,24.644807815551758,24.644807815551758,4926200.0,14.802431106567383
2010-02-10,25.36429786682129,24.43533706665039,24.590164184570312,25.118396759033203,4662300.0,15.086882591247559
2010-02-11,25.601093292236328,24.881603240966797,25.0455379486084,25.53734016418457,3974300.0,15.338508605957031
2010-02-12,25.273223876953125,24.781421661376953,25.063753128051758,25.081966400146484,5211200.0,15.065000534057617
2010-02-16,26.420764923095703,25.336977005004883,25.491804122924805,26.357013702392578,4711500.0,15.83083438873291
2010-02-17,26.85792350769043,26.47541046142578,26.502731323242188,26.68488121032715,3515600.0,16.027759552001953
2010-02-18,27.267759323120117,26.448087692260742,26.566484451293945,27.103824615478516,3599400.0,16.279390335083008
2010-02-19,27.37704849243164,26.748634338378906,26.939889907836914,27.213115692138672,3493600.0,16.34503173828125
2010-02-22,27.295082092285156,26.82149314880371,27.267759323120117,26.930782318115234,3809200.0,16.175458908081055
2010-02-23,27.094717025756836,26.384334564208984,26.89435386657715,26.411657333374023,4647300.0,15.86365032196045
2010-02-24,26.757741928100586,26.411657333374023,26.4663028717041,26.757741928100586,3585000.0,16.07151985168457
2010-02-25,26.520946502685547,26.174863815307617,26.47541046142578,26.420764923095703,4774200.0,15.869123458862305
2010-02-26,26.539161682128906,26.211294174194336,26.384334564208984,26.211294174194336,5626000.0,15.743311882019043
2010-03-01,26.566484451293945,26.211294174194336,26.366119384765625,26.448087692260742,3511900.0,15.88553237915039
2010-03-02,26.757741928100586,26.448087692260742,26.557376861572266,26.639345169067383,5368400.0,16.000408172607422
2010-03-03,26.757741928100586,26.411657333374023,26.65755844116211,26.630237579345703,2778900.0,15.994941711425781
2010-03-04,27.01275062561035,26.602914810180664,26.739526748657227,26.948997497558594,2750900.0,16.1863956451416
2010-03-05,27.723133087158203,26.89435386657715,27.140254974365234,27.686702728271484,3752100.0,16.629486083984375
2010-03-08,28.060110092163086,27.550090789794922,27.659379959106445,27.814207077026367,2787600.0,16.70606231689453
2010-03-09,28.051002502441406,27.604736328125,27.63205909729004,27.841529846191406,2929100.0,16.722475051879883
2010-03-10,28.397085189819336,27.704917907714844,27.923498153686523,28.32422637939453,3277900.0,17.01240348815918
2010-03-11,28.87978172302246,28.051002502441406,28.17850685119629,28.843351364135742,3984200.0,17.32420539855957
2010-03-12,29.298725128173828,28.825136184692383,28.88888931274414,29.26229476928711,3654300.0,17.575834274291992
2010-03-15,29.371583938598633,28.251365661621094,28.5336971282959,29.26229476928711,4544400.0,17.575834274291992
2010-03-16,30.1639347076416,29.22586441040039,29.307832717895508,30.063753128051758,4406800.0,18.05721664428711
2010-03-17,30.865209579467773,30.091073989868164,30.245901107788086,30.78324317932129,5511000.0,18.489360809326172
2010-03-18,30.75592041015625,30.264116287231445,30.400728225708008,30.51001739501953,4014000.0,18.325252532958984
2010-03-19,30.74681282043457,30.118396759033203,30.154827117919922,30.154827117919922,5665000.0,18.111919403076172
2010-03-22,31.056467056274414,29.918033599853516,29.99089241027832,30.947175979614258,4615000.0,18.587825775146484
2010-03-23,31.056467056274414,30.409835815429688,30.601093292236328,30.810564041137695,5621800.0,18.505775451660156
2010-03-24,31.174863815307617,30.655736923217773,30.75592041015625,30.856101989746094,5757900.0,18.533124923706055
2010-03-25,31.3023681640625,30.57377052307129,31.08378791809082,30.57377052307129,4806400.0,18.363548278808594
2010-03-26,30.974498748779297,30.255008697509766,30.71038246154785,30.391620635986328,4149700.0,18.25413703918457
2010-03-29,30.646629333496094,30.00910758972168,30.53734016418457,30.17304229736328,3400900.0,18.122854232788086
2010-03-30,30.418943405151367,30.081966400146484,30.20036506652832,30.18214988708496,3777700.0,18.128326416015625
2010-03-31,30.336977005004883,29.927141189575195,30.054645538330078,30.054645538330078,3746800.0,18.05174446105957
2010-04-01,30.646629333496094,29.899818420410156,30.346084594726562,30.01821517944336,3799200.0,18.029861450195312
2010-04-05,30.355192184448242,30.01821517944336,30.100181579589844,30.309654235839844,3509300.0,18.20490837097168
2010-04-06,30.828779220581055,30.054645538330078,30.20036506652832,30.610200881958008,3565200.0,18.385433197021484
2010-04-07,30.601093292236328,29.590164184570312,30.601093292236328,29.699453353881836,3805100.0,17.83840560913086
2010-04-08,29.927141189575195,29.48087501525879,29.581056594848633,29.8360652923584,4093700.0,17.92045783996582
2010-04-09,30.291439056396484,29.872495651245117,29.9544620513916,30.291439056396484,3208200.0,18.1939697265625
2010-04-12,30.455373764038086,29.881603240966797,30.400728225708008,29.96356964111328,2647900.0,17.99704360961914
2010-04-13,30.336977005004883,29.79963493347168,30.02732276916504,30.127504348754883,3743000.0,18.095502853393555
2010-04-14,30.291439056396484,29.62659454345703,30.20036506652832,29.690345764160156,3961500.0,17.832935333251953
2010-04-15,29.681238174438477,28.797813415527344,29.62659454345703,28.843351364135742,3838000.0,17.32420539855957
2010-04-16,29.171220779418945,28.387977600097656,28.770492553710938,28.387977600097656,7720800.0,17.050697326660156
2010-04-19,28.806921005249023,28.005464553833008,28.224042892456055,28.642986297607422,4590500.0,17.203855514526367
2010-04-20,29.052824020385742,28.360654830932617,28.8615665435791,29.043716430664062,3811100.0,17.444547653198242
2010-04-21,29.553733825683594,28.88888931274414,29.089252471923828,29.344263076782227,4213700.0,17.625062942504883
2010-04-22,29.99089241027832,28.9071044921875,29.08014488220215,29.854280471801758,3441300.0,17.931400299072266
2010-04-23,30.19125747680664,29.590164184570312,29.927141189575195,30.136611938476562,2471500.0,18.10097312927246
2010-04-26,30.965391159057617,29.98178482055664,29.98178482055664,30.655736923217773,4231300.0,18.412776947021484
2010-04-27,30.51912498474121,29.189435958862305,29.918033599853516,29.298725128173828,4889800.0,17.59770965576172
2010-04-28,29.735883712768555,29.24407958984375,29.590164184570312,29.389799118041992,3471500.0,17.65241813659668
2010-04-29,30.03643035888672,29.107467651367188,29.198543548583984,29.9544620513916,3206800.0,18.280807495117188
2010-04-30,30.273223876953125,29.207651138305664,29.845172882080078,29.25318717956543,3976800.0,17.852825164794922
2010-05-03,30.400728225708008,29.371583938598633,29.48998260498047,30.236793518066406,3342200.0,18.453109741210938
2010-05-04,29.9544620513916,28.979963302612305,29.82695770263672,29.335155487060547,4706200.0,17.90285301208496
2010-05-05,29.49909019470215,28.597450256347656,28.970855712890625,28.961748123168945,3211100.0,17.67496681213379
2010-05-06,29.043716430664062,25.983606338500977,28.797813415527344,28.15118408203125,8261700.0,17.18029022216797
2010-05-07,28.770492553710938,27.285974502563477,27.98724937438965,28.251365661621094,7508600.0,17.24142837524414
2010-05-10,30.76502799987793,29.49909019470215,29.708560943603516,30.71038246154785,6652100.0,18.742137908935547
2010-05-11,31.156648635864258,30.18214988708496,30.300546646118164,30.74681282043457,4308700.0,18.76436996459961
2010-05-12,31.07468032836914,30.53734016418457,30.73770523071289,30.947175979614258,3810700.0,18.88664436340332
2010-05-13,31.020036697387695,30.455373764038086,30.792348861694336,30.482696533203125,3230600.0,18.60318374633789
2010-05-14,30.346084594726562,29.326047897338867,30.145719528198242,29.681238174438477,4498600.0,18.114059448242188
2010-05-17,30.255008697509766,28.87067413330078,29.863388061523438,29.717668533325195,3390100.0,18.136293411254883
2010-05-18,30.20036506652832,28.9071044921875,30.072858810424805,29.007286071777344,5291000.0,17.7027530670166
2010-05-19,29.40801429748535,28.17850685119629,28.852458953857422,28.816028594970703,4075300.0,17.586030960083008
2010-05-20,28.387977600097656,27.295082092285156,28.023679733276367,27.331512451171875,6601900.0,16.6800537109375
2010-05-21,28.34244155883789,26.438980102539062,26.438980102539062,28.269580841064453,6138100.0,17.252546310424805
2010-05-24,28.615665435791016,27.750455856323242,28.415300369262695,27.814207077026367,3617800.0,16.97463607788086
2010-05-25,28.16939926147461,26.81238555908203,27.131147384643555,28.078323364257812,5310200.0,17.135828018188477
2010-05-26,28.825136184692383,27.859745025634766,28.469945907592773,27.98724937438965,4507800.0,17.080244064331055
2010-05-27,29.61748695373535,28.31511878967285,28.542804718017578,29.571949005126953,4878000.0,18.04736328125
2010-05-28,29.744991302490234,28.943532943725586,29.44444465637207,29.016393661499023,2865000.0,17.708314895629883
2010-06-01,29.24407958984375,28.497268676757812,28.72495460510254,28.551912307739258,3521000.0,17.424848556518555
2010-06-02,29.43533706665039,28.269580841064453,28.806921005249023,29.42622947692871,4084200.0,17.95842742919922
2010-06-03,29.48087501525879,28.834243774414062,29.371583938598633,28.961748123168945,3200300.0,17.67496681213379
2010-06-04,28.66120147705078,27.37704849243164,28.12386131286621,27.486339569091797,5803100.0,16.7745418548584
2010-06-07,28.10564613342285,27.4408016204834,27.63205909729004,27.459016799926758,3470200.0,16.75786781311035
2010-06-08,28.33333396911621,27.04918098449707,27.531875610351562,28.287796020507812,5078000.0,17.26366424560547
2010-06-09,29.08014488220215,28.041894912719727,28.415300369262695,28.16939926147461,3127800.0,17.191402435302734
2010-06-10,29.608379364013672,28.561019897460938,28.561019897460938,29.562841415405273,3459400.0,18.04180335998535
2010-06-11,29.97267723083496,29.098360061645508,29.162113189697266,29.918033599853516,2137300.0,18.258573532104492
2010-06-14,30.58287811279297,29.936246871948242,30.17304229736328,30.455373764038086,4017400.0,18.586509704589844
2010-06-15,31.32058334350586,30.455373764038086,30.619308471679688,31.28415298461914,3884300.0,19.0922908782959
2010-06-16,31.32969093322754,30.892532348632812,30.956283569335938,31.1384334564209,3038400.0,19.003360748291016
2010-06-17,31.420764923095703,30.819671630859375,31.147541046142578,31.28415298461914,2482100.0,19.0922908782959
2010-06-18,30.100181579589844,29.781421661376953,30.02732276916504,29.79963493347168,11255800.0,18.186317443847656
2010-06-21,30.38251304626465,29.47176742553711,30.38251304626465,29.599271774291992,4772600.0,18.064037322998047
2010-06-22,29.845172882080078,28.979963302612305,29.63570213317871,29.189435958862305,6586500.0,17.813920974731445
2010-06-23,29.681238174438477,28.788705825805664,29.171220779418945,29.517303466796875,5226800.0,18.014009475708008
2010-06-24,29.653915405273438,29.034608840942383,29.28961753845215,29.180328369140625,6553900.0,17.808359146118164
2010-06-25,30.063753128051758,29.171220779418945,29.41712188720703,29.82695770263672,7019500.0,18.202991485595703
2010-06-28,29.99089241027832,29.49909019470215,29.97267723083496,29.590164184570312,3532100.0,18.058481216430664
2010-06-29,29.890710830688477,28.943532943725586,29.198543548583984,29.371583938598633,11081300.0,17.92508316040039
2010-06-30,30.100181579589844,29.28961753845215,29.49909019470215,29.371583938598633,7251300.0,17.92508316040039
2010-07-01,29.535518646240234,28.551912307739258,29.24407958984375,29.26229476928711,5658500.0,17.858381271362305
2010-07-02,29.47176742553711,28.816028594970703,29.47176742553711,28.91621208190918,4683100.0,17.64717674255371
2010-07-06,29.754098892211914,28.306011199951172,29.47176742553711,28.615665435791016,5485800.0,17.463760375976562
2010-07-07,29.927141189575195,28.70673942565918,28.73406219482422,29.908926010131836,5880300.0,18.253013610839844
2010-07-08,30.37340545654297,29.46265983581543,30.20036506652832,29.899818420410156,4193100.0,18.24745750427246
2010-07-09,30.52823257446289,29.653915405273438,29.899818420410156,30.51912498474121,3265000.0,18.625415802001953
2010-07-12,30.76502799987793,30.1639347076416,30.446266174316406,30.55555534362793,3009500.0,18.64764404296875
2010-07-13,31.384334564208984,30.792348861694336,30.901639938354492,31.26593780517578,3434100.0,19.0811824798584
2010-07-14,31.420764923095703,30.601093292236328,31.020036697387695,31.238615036010742,3354900.0,19.064510345458984
2010-07-15,31.238615036010742,30.54644775390625,31.238615036010742,31.12932586669922,2888200.0,18.997812271118164
2010-07-16,31.12932586669922,30.282331466674805,30.810564041137695,30.473588943481445,4343200.0,18.597618103027344
2010-07-19,31.247722625732422,30.127504348754883,30.59198570251465,31.056467056274414,3305900.0,18.953344345092773
2010-07-20,31.68488121032715,30.56466293334961,30.72859764099121,31.593807220458984,3329100.0,19.28127670288086
2010-07-21,31.775957107543945,30.619308471679688,31.630237579345703,30.72859764099121,4141800.0,18.75325584411621
2010-07-22,32.05828857421875,31.12021827697754,31.147541046142578,31.83970832824707,4305100.0,19.43134880065918
2010-07-23,32.0673942565918,31.26593780517578,31.64845085144043,31.994535446166992,3798300.0,19.52583885192871
2010-07-26,32.77777862548828,31.81238555908203,31.81238555908203,32.73223876953125,3385200.0,19.976045608520508
2010-07-27,33.069217681884766,32.158470153808594,32.88706588745117,32.40437316894531,3476100.0,19.775951385498047
2010-07-28,32.522769927978516,31.921676635742188,32.122039794921875,32.14936065673828,4389600.0,19.620323181152344
2010-07-29,32.459014892578125,31.703096389770508,32.331512451171875,32.14936065673828,3614900.0,19.620323181152344
2010-07-30,32.43169403076172,31.67577362060547,31.80327796936035,32.3041877746582,3278200.0,19.714815139770508
2010-08-02,33.57012939453125,32.78688430786133,32.92349624633789,33.50637435913086,3761800.0,20.448488235473633
2010-08-03,33.442623138427734,32.67759704589844,32.92349624633789,32.896175384521484,3238500.0,20.07609748840332
2010-08-04,33.41530227661133,32.841529846191406,32.9326057434082,33.20582962036133,3557400.0,20.26506996154785
2010-08-05,32.40437316894531,31.82149314880371,31.89435386657715,32.11293411254883,4618800.0,19.876434326171875
2010-08-06,32.20400619506836,31.520946502685547,31.721311569213867,32.14936065673828,3485800.0,19.89898109436035
2010-08-09,32.5136604309082,32.22222137451172,32.43169403076172,32.440799713134766,2479300.0,20.079364776611328
2010-08-10,32.41347885131836,31.89435386657715,32.04917907714844,32.07650375366211,3520500.0,19.853885650634766
2010-08-11,31.958105087280273,31.31147575378418,31.621129989624023,31.68488121032715,7009800.0,19.61149024963379
2010-08-12,31.693988800048828,31.165756225585938,31.27504539489746,31.32969093322754,2901100.0,19.39164161682129
2010-08-13,31.67577362060547,31.247722625732422,31.28415298461914,31.429872512817383,2665700.0,19.45364761352539
2010-08-16,31.757741928100586,31.238615036010742,31.28415298461914,31.457195281982422,2323800.0,19.470561981201172
2010-08-17,32.20400619506836,31.48451805114746,31.703096389770508,32.05828857421875,3200000.0,19.842607498168945
2010-08-18,32.25865173339844,31.64845085144043,32.24043655395508,31.739526748657227,3312000.0,19.645305633544922
2010-08-19,31.703096389770508,30.819671630859375,31.630237579345703,31.12021827697754,3903400.0,19.26198959350586
2010-08-20,31.183971405029297,30.76502799987793,30.910747528076172,31.1384334564209,2281300.0,19.273263931274414
2010-08-23,31.411657333374023,30.992713928222656,31.247722625732422,31.047359466552734,1846800.0,19.216890335083008
2010-08-24,31.038251876831055,30.391620635986328,30.692167282104492,30.801456451416016,3405700.0,19.06468391418457
2010-08-25,31.457195281982422,30.601093292236328,30.646629333496094,31.366119384765625,3232000.0,19.4141902923584
2010-08-26,31.82149314880371,31.183971405029297,31.457195281982422,31.247722625732422,3080200.0,19.34090805053711
2010-08-27,32.02185821533203,30.819671630859375,31.502731323242188,31.976320266723633,3905600.0,19.791873931884766
2010-08-30,32.686702728271484,31.794170379638672,31.912569046020508,32.19490051269531,3956400.0,19.92716407775879
2010-08-31,32.41347885131836,31.85792350769043,32.16757583618164,32.07650375366211,4061200.0,19.853885650634766
2010-09-01,33.34244155883789,32.395263671875,32.56830596923828,33.214935302734375,5177700.0,20.558521270751953
2010-09-02,33.5792350769043,33.1602897644043,33.26958084106445,33.460838317871094,3640300.0,20.71072769165039
2010-09-03,34.01639175415039,33.39708709716797,33.77049255371094,33.970855712890625,2932700.0,21.02640724182129
2010-09-07,33.806922912597656,33.214935302734375,33.615665435791016,33.22404479980469,2895500.0,20.56416130065918
2010-09-08,33.6065559387207,33.260475158691406,33.278690338134766,33.460838317871094,2407600.0,20.71072769165039
2010-09-09,34.0255012512207,32.92349624633789,33.94353485107422,33.051002502441406,2091900.0,20.457056045532227
2010-09-10,33.278690338134766,32.85063934326172,33.051002502441406,33.196720123291016,1349600.0,20.54724884033203
2010-09-13,33.6976318359375,33.251365661621094,33.57012939453125,33.64298629760742,1869800.0,20.82346534729004
2010-09-14,33.77049255371094,33.34244155883789,33.46994400024414,33.57012939453125,2473700.0,20.778371810913086
2010-09-15,33.87977981567383,33.233150482177734,33.49726867675781,33.761383056640625,2218000.0,20.896751403808594
2010-09-16,33.73406219482422,33.260475158691406,33.724952697753906,33.442623138427734,1650500.0,20.69945526123047
2010-09-17,33.797813415527344,33.29690170288086,33.52458953857422,33.797813415527344,3191100.0,20.91929817199707
2010-09-20,34.65391540527344,33.797813415527344,33.91621017456055,34.5810546875,2776100.0,21.404088973999023
2010-09-21,34.61748504638672,33.424407958984375,34.45355224609375,33.55191421508789,3525700.0,20.7670955657959
2010-09-22,33.67941665649414,32.99635696411133,33.51548385620117,33.214935302734375,2823000.0,20.558521270751953
2010-09-23,33.214935302734375,32.313297271728516,32.94171142578125,32.349727630615234,3328900.0,20.023000717163086
2010-09-24,33.52458953857422,32.65938186645508,32.79599380493164,33.387977600097656,2911200.0,20.665626525878906
2010-09-27,33.460838317871094,32.841529846191406,33.39708709716797,32.90528106689453,2091700.0,20.366865158081055
2010-09-28,33.041893005371094,32.37704849243164,32.896175384521484,32.98725128173828,2352300.0,20.4175968170166
2010-09-29,32.914390563964844,32.5136604309082,32.859745025634766,32.73223876953125,2191900.0,20.259756088256836
2010-09-30,33.260475158691406,32.5136604309082,32.94171142578125,32.76866912841797,2494400.0,20.282306671142578
2010-10-01,33.09653854370117,32.17668533325195,33.069217681884766,32.650272369384766,2983500.0,20.209020614624023
2010-10-04,32.67759704589844,32.349727630615234,32.540985107421875,32.559200286865234,4706400.0,20.152650833129883
2010-10-05,33.214935302734375,32.57741165161133,32.86885070800781,32.99635696411133,6858900.0,20.423229217529297
2010-10-06,33.20582962036133,32.79599380493164,32.98725128173828,33.178504943847656,3021600.0,20.535968780517578
2010-10-07,33.387977600097656,32.98725128173828,33.29690170288086,33.06010818481445,1696100.0,20.462682723999023
2010-10-08,33.214935302734375,32.92349624633789,33.15118408203125,33.06010818481445,2696500.0,20.462682723999023
2010-10-11,33.251365661621094,32.841529846191406,33.051002502441406,32.90528106689453,2422000.0,20.366865158081055
2010-10-12,33.178504943847656,32.67759704589844,32.78688430786133,33.105648040771484,3183400.0,20.490880966186523
2010-10-13,33.7887077331543,33.15118408203125,33.29690170288086,33.442623138427734,2124100.0,20.69945526123047
2010-10-14,33.442623138427734,32.97814178466797,33.387977600097656,33.09653854370117,2986400.0,20.485239028930664
2010-10-15,33.31511688232422,32.859745025634766,33.28779602050781,33.051002502441406,2689000.0,20.457056045532227
2010-10-18,33.55191421508789,32.9326057434082,33.051002502441406,33.55191421508789,2724500.0,20.7670955657959
2010-10-19,33.670310974121094,32.97814178466797,33.06010818481445,33.387977600097656,2891200.0,20.665626525878906
2010-10-20,34.289615631103516,33.442623138427734,33.50637435913086,33.934425354003906,3008400.0,21.003856658935547
2010-10-21,34.22586441040039,33.652095794677734,34.10746765136719,33.86156463623047,4680100.0,20.958757400512695
2010-10-22,34.04371643066406,33.051002502441406,34.04371643066406,33.123863220214844,6720900.0,20.502151489257812
2010-10-25,33.85245895385742,33.278690338134766,33.442623138427734,33.7887077331543,5181700.0,20.913658142089844
2010-10-26,33.797813415527344,33.406192779541016,33.52458953857422,33.597450256347656,2897600.0,20.7952823638916
2010-10-27,33.64298629760742,32.6958122253418,33.3697624206543,32.85063934326172,3711200.0,20.333038330078125
2010-10-28,33.24225997924805,32.44990921020508,32.97814178466797,32.74134826660156,2614500.0,20.265392303466797
2010-10-29,32.95082092285156,32.61384201049805,32.62295150756836,32.79599380493164,1588000.0,20.299217224121094
2010-11-01,33.32422637939453,32.80509948730469,33.023677825927734,33.087432861328125,2092000.0,20.479602813720703
2010-11-02,33.442623138427734,32.877960205078125,33.35154724121094,33.424407958984375,2026200.0,20.688175201416016
2010-11-03,32.90528106689453,32.103824615478516,32.79599380493164,32.78688430786133,13772800.0,20.293582916259766
2010-11-04,33.09653854370117,32.477230072021484,32.896175384521484,33.06010818481445,3990100.0,20.7570743560791
2010-11-05,33.424407958984375,32.841529846191406,33.069217681884766,33.1420783996582,2952800.0,20.808542251586914
2010-11-08,33.07832336425781,32.540985107421875,32.96903610229492,32.814208984375,2743100.0,20.602689743041992
2010-11-09,33.005462646484375,30.74681282043457,32.85063934326172,31.047359466552734,6904400.0,19.49335479736328
2010-11-10,31.65755844116211,31.156648635864258,31.183971405029297,31.557376861572266,4154600.0,19.81357765197754
2010-11-11,31.548269271850586,31.08378791809082,31.247722625732422,31.0928955078125,2590000.0,19.521947860717773
2010-11-12,31.375226974487305,30.72859764099121,30.983606338500977,30.75592041015625,3038800.0,19.310375213623047
2010-11-15,31.047359466552734,30.17304229736328,30.992713928222656,30.218578338623047,3457200.0,18.972999572753906
2010-11-16,30.01821517944336,29.034608840942383,29.99089241027832,29.23497200012207,5632600.0,18.355432510375977
2010-11-17,29.763206481933594,29.21675682067871,29.28961753845215,29.526411056518555,2955700.0,18.538414001464844
2010-11-18,30.100181579589844,29.571949005126953,29.927141189575195,29.717668533325195,2769900.0,18.658498764038086
2010-11-19,29.781421661376953,29.307832717895508,29.48087501525879,29.653915405273438,3187000.0,18.618471145629883
2010-11-22,29.99089241027832,29.608379364013672,29.98178482055664,29.763206481933594,2062200.0,18.687091827392578
2010-11-23,29.535518646240234,29.307832717895508,29.526411056518555,29.380691528320312,3628400.0,18.446922302246094
2010-11-24,30.0455379486084,29.608379364013672,29.663022994995117,29.99089241027832,2269200.0,18.830045700073242
2010-11-26,30.136611938476562,29.62659454345703,29.644807815551758,29.81785011291504,971800.0,18.721399307250977
2010-11-29,30.0455379486084,29.380691528320312,29.608379364013672,29.936246871948242,2973700.0,18.79573631286621
2010-11-30,30.291439056396484,29.526411056518555,29.590164184570312,29.99089241027832,9575100.0,18.830045700073242
2010-12-01,30.273223876953125,29.681238174438477,30.273223876953125,29.97267723083496,4484000.0,18.818607330322266
2010-12-02,30.74681282043457,29.945354461669922,30.054645538330078,30.701274871826172,4820700.0,19.276065826416016
2010-12-03,30.655736923217773,30.245901107788086,30.58287811279297,30.58287811279297,3603700.0,19.20172691345215
2010-12-06,30.73770523071289,30.054645538330078,30.455373764038086,30.52823257446289,4489700.0,19.167421340942383
2010-12-07,31.11111068725586,30.71038246154785,30.846994400024414,30.73770523071289,8881500.0,19.298933029174805
2010-12-08,30.974498748779297,29.699453353881836,30.692167282104492,29.936246871948242,4710400.0,18.79573631286621
2010-12-09,30.17304229736328,29.43533706665039,30.0455379486084,29.46265983581543,3384100.0,18.498388290405273
2010-12-10,29.754098892211914,29.44444465637207,29.46265983581543,29.47176742553711,4581600.0,18.50411033630371
2010-12-13,29.781421661376953,29.49909019470215,29.681238174438477,29.61748695373535,3724900.0,18.595598220825195
2010-12-14,30.983606338500977,29.025501251220703,29.043716430664062,30.01821517944336,9790900.0,18.847200393676758
2010-12-15,31.229507446289062,30.081966400146484,30.309654235839844,31.001821517944336,28954300.0,19.464765548706055
2010-12-16,31.575592041015625,30.938068389892578,31.511838912963867,31.147541046142578,7759000.0,19.556255340576172
2010-12-17,31.64845085144043,31.12932586669922,31.229507446289062,31.639345169067383,9196500.0,19.86503791809082
2010-12-20,32.09471893310547,31.748634338378906,31.794170379638672,32.00364303588867,4252800.0,20.093765258789062
2010-12-21,32.632057189941406,32.01274871826172,32.55009078979492,32.42258834838867,4701700.0,20.35680389404297
2010-12-22,32.80509948730469,32.43169403076172,32.522769927978516,32.78688430786133,10839400.0,20.585538864135742
2010-12-23,33.041893005371094,32.668487548828125,32.76866912841797,32.76866912841797,3182400.0,20.574098587036133
2010-12-27,33.46994400024414,32.6958122253418,32.74134826660156,33.43351364135742,3681300.0,20.99152374267578
2010-12-28,33.7887077331543,33.24225997924805,33.460838317871094,33.5792350769043,3057200.0,21.08301544189453
2010-12-29,33.71584701538086,33.069217681884766,33.71584701538086,33.36065673828125,2895700.0,20.945781707763672
2010-12-30,33.597450256347656,33.18761444091797,33.39708709716797,33.52458953857422,2531100.0,21.0487117767334
2010-12-31,33.70674133300781,33.45172882080078,33.460838317871094,33.50637435913086,1780800.0,21.03726577758789
2011-01-03,34.12568283081055,33.442623138427734,33.597450256347656,34.05282211303711,4613900.0,21.380361557006836
2011-01-04,34.36247634887695,33.52458953857422,34.216758728027344,33.86156463623047,5636300.0,21.26028060913086
2011-01-05,33.94353485107422,33.54280471801758,33.652095794677734,33.92531967163086,3733300.0,21.300302505493164
2011-01-06,33.9981803894043,33.278690338134766,33.77049255371094,33.406192779541016,3655600.0,20.9743709564209
2011-01-07,33.68852615356445,32.859745025634766,33.52458953857422,33.22404479980469,3320100.0,20.860008239746094
2011-01-10,33.233150482177734,32.80509948730469,33.005462646484375,32.96903610229492,2901700.0,20.699893951416016
2011-01-11,33.35154724121094,32.714027404785156,33.03278732299805,33.1420783996582,2724200.0,20.808542251586914
2011-01-12,33.03278732299805,32.61384201049805,32.78688430786133,32.841529846191406,3923200.0,20.619842529296875
2011-01-13,33.1420783996582,32.78688430786133,32.83242416381836,33.123863220214844,2081800.0,20.797107696533203
2011-01-14,33.260475158691406,32.83242416381836,32.99635696411133,32.99635696411133,2535200.0,20.717052459716797
2011-01-18,33.15118408203125,32.80509948730469,32.94171142578125,32.98725128173828,2347600.0,20.711334228515625
2011-01-19,32.99635696411133,32.61384201049805,32.6958122253418,32.74134826660156,3181300.0,20.556941986083984
2011-01-20,33.406192779541016,32.78688430786133,32.841529846191406,32.90528106689453,3103700.0,20.659868240356445
2011-01-21,33.07832336425781,32.64116668701172,32.97814178466797,32.7231330871582,3230200.0,20.54550552368164
2011-01-24,32.96903610229492,32.73223876953125,32.77777862548828,32.83242416381836,2275300.0,20.61412239074707
2011-01-25,33.30601119995117,32.704917907714844,32.82331466674805,33.24225997924805,4196800.0,20.871450424194336
2011-01-26,33.70674133300781,33.15118408203125,33.36065673828125,33.233150482177734,3436000.0,20.865720748901367
2011-01-27,33.77049255371094,33.18761444091797,33.3697624206543,33.66120147705078,3273700.0,21.134475708007812
2011-01-28,34.18943405151367,33.26958084106445,33.77049255371094,33.28779602050781,5198800.0,20.90003776550293
2011-01-31,34.143898010253906,33.41530227661133,33.41530227661133,33.779598236083984,7592800.0,21.20882225036621
2011-02-01,34.01639175415039,33.4881591796875,33.989070892333984,33.87977981567383,3527200.0,21.271713256835938
2011-02-02,34.04371643066406,33.67941665649414,33.7887077331543,33.73406219482422,2266600.0,21.180225372314453
2011-02-03,34.03460693359375,33.652095794677734,33.73406219482422,33.97996520996094,2258300.0,21.334617614746094
2011-02-04,33.989070892333984,33.35154724121094,33.989070892333984,33.4881591796875,2879300.0,21.025833129882812
2011-02-07,33.91621017456055,33.53369903564453,33.652095794677734,33.70674133300781,2497000.0,21.16307258605957
2011-02-08,33.761383056640625,33.29690170288086,33.424407958984375,33.54280471801758,2502100.0,21.364381790161133
2011-02-09,33.55191421508789,33.22404479980469,33.406192779541016,33.37887191772461,2648500.0,21.259965896606445
2011-02-10,33.5792350769043,33.233150482177734,33.233150482177734,33.442623138427734,2517300.0,21.30057716369629
2011-02-11,33.6065559387207,33.196720123291016,33.406192779541016,33.588340759277344,2526400.0,21.39337921142578
2011-02-14,34.07103729248047,33.597450256347656,33.62477111816406,33.9071044921875,2914700.0,21.59641456604004
2011-02-15,34.48998260498047,33.6976318359375,33.8160285949707,34.17121887207031,4356000.0,21.7646427154541
2011-02-16,34.69945526123047,34.1165771484375,34.24407958984375,34.1165771484375,3187300.0,21.72983741760254
2011-02-17,34.08014678955078,33.51548385620117,34.04371643066406,33.5792350769043,2943800.0,21.38758659362793
2011-02-18,33.970855712890625,33.55191421508789,33.62477111816406,33.87067413330078,4854200.0,21.573213577270508
2011-02-22,33.7887077331543,33.387977600097656,33.460838317871094,33.46994400024414,3458300.0,21.317974090576172
2011-02-23,34.0255012512207,33.46994400024414,33.52458953857422,33.50637435913086,4132300.0,21.341176986694336
2011-02-24,33.64298629760742,33.24225997924805,33.442623138427734,33.35154724121094,3736800.0,21.24256706237793
2011-02-25,33.761383056640625,33.442623138427734,33.46994400024414,33.73406219482422,4520000.0,21.4862003326416
2011-02-28,34.79052734375,33.797813415527344,33.989070892333984,34.60837936401367,5911600.0,22.04307746887207
2011-03-01,34.6721305847168,33.22404479980469,34.6721305847168,33.260475158691406,6904100.0,21.1845645904541
2011-03-02,33.45172882080078,32.914390563964844,33.1602897644043,33.18761444091797,3529000.0,21.138151168823242
2011-03-03,33.8160285949707,33.39708709716797,33.460838317871094,33.8160285949707,3707700.0,21.538406372070312
2011-03-04,33.797813415527344,33.36065673828125,33.75227737426758,33.64298629760742,3382700.0,21.428190231323242
2011-03-07,33.89799499511719,33.196720123291016,33.71584701538086,33.43351364135742,3873000.0,21.294771194458008
2011-03-08,34.17121887207031,33.442623138427734,33.442623138427734,34.10746765136719,3424700.0,21.72403335571289
2011-03-09,34.38069152832031,33.7887077331543,33.96175003051758,34.307830810546875,2454600.0,21.851648330688477
2011-03-10,34.08925247192383,33.85245895385742,33.88888931274414,33.92531967163086,2897800.0,21.608013153076172
2011-03-11,34.690345764160156,33.68852615356445,33.68852615356445,34.62659454345703,3104000.0,22.0546817779541
2011-03-14,34.59926986694336,34.10746765136719,34.426231384277344,34.371585845947266,2960600.0,21.892257690429688
2011-03-15,34.499088287353516,33.47905349731445,33.47905349731445,34.216758728027344,3050100.0,21.79364013671875
2011-03-16,34.20764923095703,33.1420783996582,34.10746765136719,33.43351364135742,3843900.0,21.294771194458008
2011-03-17,33.934425354003906,33.33333206176758,33.83424377441406,33.75227737426758,2370300.0,21.497800827026367
2011-03-18,34.5810546875,34.08925247192383,34.22586441040039,34.47176742553711,4938900.0,21.956073760986328
2011-03-21,34.872493743896484,34.2349739074707,34.86338806152344,34.24407958984375,3206500.0,21.811046600341797
2011-03-22,33.77049255371094,33.39708709716797,33.5792350769043,33.77049255371094,5235800.0,21.509403228759766
2011-03-23,33.6976318359375,33.30601119995117,33.57012939453125,33.56101989746094,26224900.0,21.3759822845459
2011-03-24,33.6976318359375,33.387977600097656,33.67941665649414,33.50637435913086,5571400.0,21.341176986694336
2011-03-25,33.597450256347656,33.28779602050781,33.54280471801758,33.45172882080078,5021500.0,21.30637550354004
2011-03-28,33.68852615356445,33.41530227661133,33.50637435913086,33.55191421508789,3699000.0,21.37018394470215
2011-03-29,33.77049255371094,33.15118408203125,33.45172882080078,33.70674133300781,4187600.0,21.468799591064453
2011-03-30,34.45355224609375,33.652095794677734,33.825138092041016,34.426231384277344,4671600.0,21.927064895629883
2011-03-31,34.59926986694336,34.2349739074707,34.408016204833984,34.553733825683594,4665400.0,22.008275985717773
2011-04-01,34.83606719970703,34.15300369262695,34.726776123046875,34.36247634887695,2869900.0,21.886451721191406
2011-04-04,34.59926986694336,34.33515548706055,34.47176742553711,34.426231384277344,2636700.0,21.927064895629883
2011-04-05,34.69945526123047,34.22586441040039,34.408016204833984,34.36247634887695,2415600.0,21.886451721191406
2011-04-06,34.52641296386719,34.1165771484375,34.4626579284668,34.20764923095703,2220800.0,21.787837982177734
2011-04-07,34.307830810546875,33.70674133300781,34.12568283081055,33.970855712890625,2449300.0,21.63702392578125
2011-04-08,34.289615631103516,33.75227737426758,34.24407958984375,33.86156463623047,1858000.0,21.567413330078125
2011-04-11,34.18943405151367,33.6976318359375,33.88888931274414,33.73406219482422,2118500.0,21.4862003326416
2011-04-12,34.06193161010742,33.633880615234375,33.6976318359375,33.652095794677734,3302500.0,21.43399429321289
2011-04-13,33.825138092041016,33.424407958984375,33.71584701538086,33.4881591796875,2291700.0,21.329578399658203
2011-04-14,34.18943405151367,33.424407958984375,33.47905349731445,34.15300369262695,2816400.0,21.75303840637207
2011-04-15,34.6721305847168,34.162113189697266,34.24407958984375,34.63570022583008,2473200.0,22.060476303100586
2011-04-18,34.36247634887695,33.989070892333984,34.26229476928711,34.26229476928711,2704500.0,21.82264518737793
2011-04-19,34.535518646240234,34.20764923095703,34.27140426635742,34.499088287353516,2018500.0,21.973468780517578
2011-04-20,34.85428237915039,34.535518646240234,34.84517288208008,34.82695770263672,2081600.0,22.182294845581055
2011-04-21,35.19125747680664,34.480873107910156,34.85428237915039,35.14571762084961,2854800.0,22.385326385498047
2011-04-25,35.71949005126953,34.872493743896484,35.14571762084961,35.52823257446289,2823900.0,22.628957748413086
2011-04-26,36.07468032836914,35.464481353759766,35.7650260925293,35.96539306640625,3403800.0,22.907394409179688
2011-04-27,36.47541046142578,35.95628356933594,36.10200500488281,36.44808578491211,2536000.0,23.214839935302734
2011-04-28,37.11293411254883,36.347904205322266,36.402549743652344,36.976322174072266,2464700.0,23.551286697387695
2011-04-29,36.84881591796875,35.655738830566406,36.8397102355957,36.08378982543945,3733200.0,22.982807159423828
2011-05-02,36.43898010253906,36.02003479003906,36.31147384643555,36.2112922668457,2822200.0,23.06401824951172
2011-05-03,36.156646728515625,35.20036315917969,36.08378982543945,35.573768615722656,3619400.0,22.657962799072266
2011-05-04,35.63752365112305,34.8816032409668,35.63752365112305,35.21857833862305,2567500.0,22.431732177734375
2011-05-05,34.96356964111328,34.180328369140625,34.690345764160156,34.71766662597656,3229200.0,22.418228149414062
2011-05-06,35.20947265625,34.18943405151367,35.027320861816406,34.371585845947266,3195000.0,22.19475746154785
2011-05-09,34.44444274902344,34.10746765136719,34.408016204833984,34.17121887207031,3073000.0,22.06536865234375
2011-05-10,34.64480972290039,34.198543548583984,34.307830810546875,34.45355224609375,3627700.0,22.2476806640625
2011-05-11,34.43533706665039,33.91621017456055,34.31694030761719,33.97996520996094,3340200.0,21.941871643066406
2011-05-12,34.371585845947266,33.70674133300781,33.970855712890625,34.27140426635742,2659900.0,22.130064010620117
2011-05-13,34.24407958984375,33.45172882080078,34.18943405151367,33.51548385620117,2924000.0,21.641948699951172
2011-05-16,33.6976318359375,33.24225997924805,33.406192779541016,33.52458953857422,3011700.0,21.6478271484375
2011-05-17,33.66120147705078,33.3697624206543,33.39708709716797,33.66120147705078,2427400.0,21.736042022705078
2011-05-18,33.934425354003906,33.36065673828125,33.6976318359375,33.7887077331543,1859900.0,21.818376541137695
2011-05-19,33.9981803894043,33.588340759277344,33.970855712890625,33.85245895385742,1542700.0,21.859539031982422
2011-05-20,33.825138092041016,33.424407958984375,33.75227737426758,33.66120147705078,2640900.0,21.736042022705078
2011-05-23,33.670310974121094,33.178504943847656,33.260475158691406,33.3697624206543,2556800.0,21.547847747802734
2011-05-24,33.652095794677734,33.34244155883789,33.53369903564453,33.57012939453125,3162700.0,21.677234649658203
2011-05-25,33.64298629760742,33.03278732299805,33.4881591796875,33.460838317871094,2036400.0,21.606660842895508
2011-05-26,33.8160285949707,33.11475372314453,33.33333206176758,33.7887077331543,2136500.0,21.818376541137695
2011-05-27,33.96175003051758,33.633880615234375,33.825138092041016,33.89799499511719,1799200.0,21.88894271850586
2011-05-31,34.57194900512695,33.96175003051758,34.15300369262695,34.553733825683594,3645100.0,22.312376022338867
2011-06-01,34.480873107910156,33.54280471801758,34.39890670776367,33.57012939453125,4562700.0,21.677234649658203
2011-06-02,34.08014678955078,33.49726867675781,33.797813415527344,33.51548385620117,3940200.0,21.641948699951172
2011-06-03,33.779598236083984,33.13296890258789,33.1602897644043,33.588340759277344,2101000.0,21.688989639282227
2011-06-06,33.633880615234375,33.07832336425781,33.62477111816406,33.11475372314453,2335800.0,21.3831844329834
2011-06-07,33.39708709716797,33.07832336425781,33.278690338134766,33.178504943847656,3014100.0,21.424348831176758
2011-06-08,33.46994400024414,33.041893005371094,33.11475372314453,33.214935302734375,2505100.0,21.44786834716797
2011-06-09,33.3697624206543,32.74134826660156,33.278690338134766,32.80509948730469,2330500.0,21.183231353759766
2011-06-10,32.79599380493164,31.87613868713379,32.668487548828125,31.903461456298828,3872500.0,20.601016998291016
2011-06-13,32.459014892578125,31.967212677001953,32.0673942565918,32.43169403076172,3332400.0,20.942110061645508
2011-06-14,33.13296890258789,32.4863395690918,32.67759704589844,33.123863220214844,2655100.0,21.389060974121094
2011-06-15,33.11475372314453,32.41347885131836,32.90528106689453,32.73223876953125,3417700.0,21.136180877685547
2011-06-16,33.52458953857422,32.73223876953125,32.79599380493164,33.41530227661133,4041100.0,21.577255249023438
2011-06-17,34.01639175415039,33.35154724121094,33.67941665649414,33.779598236083984,6059500.0,21.81248664855957
2011-06-20,34.47176742553711,33.68852615356445,33.724952697753906,34.344261169433594,3158900.0,22.177108764648438
2011-06-21,34.48998260498047,33.934425354003906,34.44444274902344,34.47176742553711,3432400.0,22.25944709777832
2011-06-22,34.708560943603516,34.22586441040039,34.426231384277344,34.29872512817383,2465400.0,22.147703170776367
2011-06-23,33.89799499511719,33.087432861328125,33.89799499511719,33.26958084106445,3530500.0,21.483158111572266
2011-06-24,33.387977600097656,33.051002502441406,33.32422637939453,33.28779602050781,2661500.0,21.49492073059082
2011-06-27,33.50637435913086,33.15118408203125,33.34244155883789,33.36065673828125,2077600.0,21.541973114013672
2011-06-28,33.50637435913086,33.123863220214844,33.36065673828125,33.41530227661133,2501600.0,21.577255249023438
2011-06-29,33.779598236083984,33.3697624206543,33.6065559387207,33.633880615234375,2113300.0,21.718400955200195
2011-06-30,33.7887077331543,33.278690338134766,33.7887077331543,33.41530227661133,3044900.0,21.577255249023438
2011-07-01,33.97996520996094,33.37887191772461,33.4881591796875,33.9071044921875,2556000.0,21.894824981689453
2011-07-05,34.20764923095703,33.6065559387207,33.797813415527344,34.15300369262695,2539600.0,22.053606033325195
2011-07-06,34.326045989990234,33.9071044921875,34.05282211303711,34.31694030761719,2556000.0,22.15947151184082
2011-07-07,34.79052734375,34.499088287353516,34.64480972290039,34.708560943603516,2464200.0,22.412351608276367
2011-07-08,34.81785202026367,34.1165771484375,34.344261169433594,34.79052734375,3033300.0,22.46527671813965
2011-07-11,34.43533706665039,33.952640533447266,34.353370666503906,34.01639175415039,3208300.0,21.965396881103516
2011-07-12,34.68124008178711,33.724952697753906,33.87067413330078,34.27140426635742,4907600.0,22.130064010620117
2011-07-13,34.4626579284668,34.08925247192383,34.43533706665039,34.17121887207031,3836900.0,22.06536865234375
2011-07-14,34.326045989990234,33.68852615356445,34.307830810546875,33.73406219482422,2870100.0,21.7830867767334
2011-07-15,34.162113189697266,33.670310974121094,33.88888931274414,34.1165771484375,2190600.0,22.030086517333984
2011-07-18,34.08014678955078,33.5792350769043,34.05282211303711,33.85245895385742,2395800.0,21.859539031982422
2011-07-19,34.289615631103516,33.934425354003906,34.06193161010742,34.15300369262695,3036400.0,22.053606033325195
2011-07-20,34.371585845947266,34.07103729248047,34.216758728027344,34.289615631103516,1925700.0,22.141826629638672
2011-07-21,34.79052734375,34.289615631103516,34.562843322753906,34.43533706665039,2829400.0,22.235919952392578
2011-07-22,34.65391540527344,34.353370666503906,34.517303466796875,34.52641296386719,2186600.0,22.29473114013672
2011-07-25,34.289615631103516,33.825138092041016,34.162113189697266,33.96175003051758,2272400.0,21.930110931396484
2011-07-26,34.180328369140625,33.670310974121094,33.86156463623047,34.17121887207031,2506000.0,22.06536865234375
2011-07-27,34.143898010253906,33.33333206176758,34.04371643066406,33.34244155883789,3059700.0,21.53019905090332
2011-07-28,33.615665435791016,33.06010818481445,33.3697624206543,33.37887191772461,3297600.0,21.553730010986328
2011-07-29,33.588340759277344,32.9326057434082,33.123863220214844,33.45172882080078,2203400.0,21.600772857666016
2011-08-01,32.331512451171875,31.156648635864258,31.85792350769043,31.548269271850586,10001900.0,20.371654510498047
2011-08-02,31.721311569213867,31.211294174194336,31.357013702392578,31.393442153930664,6875000.0,20.271678924560547
2011-08-03,31.511838912963867,30.318761825561523,31.375226974487305,31.384334564208984,5359000.0,20.265792846679688
2011-08-04,30.947175979614258,29.45355224609375,30.655736923217773,29.544626235961914,5861700.0,19.374156951904297
2011-08-05,29.918033599853516,28.642986297607422,29.872495651245117,29.153005599975586,7170100.0,19.117341995239258
2011-08-08,28.570127487182617,26.193078994750977,28.278688430786133,26.202186584472656,9245900.0,17.18231773376465
2011-08-09,29.49909019470215,26.384334564208984,26.584699630737305,29.47176742553711,11942600.0,19.32638168334961
2011-08-10,30.0455379486084,26.87613868713379,27.22222137451172,28.633880615234375,13153900.0,18.77692413330078
2011-08-11,30.00910758972168,28.597450256347656,28.843351364135742,29.63570213317871,10081000.0,19.433883666992188
2011-08-12,30.51001739501953,29.744991302490234,29.854280471801758,30.20036506652832,6899600.0,19.80416488647461
2011-08-15,31.721311569213867,30.336977005004883,30.446266174316406,31.721311569213867,5334000.0,20.801538467407227
2011-08-16,31.621129989624023,30.965391159057617,31.27504539489746,31.375226974487305,4211000.0,20.574588775634766
2011-08-17,31.83970832824707,31.229507446289062,31.548269271850586,31.602914810180664,4012000.0,20.72389793395996
2011-08-18,30.892532348632812,29.945354461669922,30.491804122924805,30.428050994873047,7051500.0,19.953468322753906
2011-08-19,30.73770523071289,29.97267723083496,30.109289169311523,30.264116287231445,5277000.0,19.845966339111328
2011-08-22,31.065574645996094,29.863388061523438,31.038251876831055,30.57377052307129,5257100.0,20.04902458190918
2011-08-23,31.520946502685547,30.400728225708008,30.819671630859375,31.520946502685547,5125900.0,20.67014503479004
2011-08-24,32.32240295410156,31.3479061126709,31.457195281982422,32.24954605102539,3644900.0,21.147932052612305
2011-08-25,32.714027404785156,31.602914810180664,32.395263671875,31.87613868713379,3828700.0,20.903066635131836
2011-08-26,32.56830596923828,31.156648635864258,31.630237579345703,32.559200286865234,3830400.0,21.350988388061523
2011-08-29,33.46994400024414,32.75045394897461,33.01457214355469,33.45172882080078,3876500.0,21.9362735748291
2011-08-30,33.779598236083984,32.90528106689453,33.387977600097656,33.6065559387207,3326100.0,22.03780174255371
2011-08-31,34.03460693359375,33.3697624206543,33.825138092041016,33.952640533447266,3378500.0,22.264751434326172
2011-09-01,34.007286071777344,33.01457214355469,33.97996520996094,33.06010818481445,3644700.0,21.67947006225586
2011-09-02,33.11475372314453,32.313297271728516,32.37704849243164,32.367942810058594,3340400.0,21.225568771362305
2011-09-06,32.42258834838867,31.366119384765625,31.366119384765625,32.313297271728516,3222400.0,21.189735412597656
2011-09-07,33.86156463623047,32.3041877746582,32.86885070800781,33.843353271484375,3875700.0,22.193082809448242
2011-09-08,33.779598236083984,32.841529846191406,33.50637435913086,32.85063934326172,5409100.0,21.542104721069336
2011-09-09,32.841529846191406,31.584699630737305,32.459014892578125,31.82149314880371,4579900.0,20.867233276367188
2011-09-12,32.2768669128418,31.3479061126709,31.3479061126709,32.26776123046875,3080700.0,21.159875869750977
2011-09-13,32.42258834838867,31.87613868713379,32.2768669128418,32.313297271728516,4354400.0,21.189735412597656
2011-09-14,32.814208984375,31.86703109741211,32.477230072021484,32.67759704589844,3514100.0,21.428632736206055
2011-09-15,33.460838317871094,32.75956344604492,33.03278732299805,33.460838317871094,3284700.0,21.94224739074707
2011-09-16,34.13479232788086,33.24225997924805,33.633880615234375,34.08014678955078,4828600.0,22.348363876342773
2011-09-19,33.934425354003906,33.3697624206543,33.41530227661133,33.633880615234375,4142700.0,22.05572509765625
2011-09-20,34.50819778442383,33.6065559387207,33.779598236083984,34.198543548583984,3361900.0,22.426000595092773
2011-09-21,34.22586441040039,32.295082092285156,34.162113189697266,32.313297271728516,6073300.0,21.189735412597656
2011-09-22,32.21311569213867,31.2568302154541,31.48451805114746,31.86703109741211,5896900.0,20.8971004486084
2011-09-23,32.21311569213867,31.530054092407227,31.65755844116211,32.01274871826172,4111900.0,20.992652893066406
2011-09-26,32.75956344604492,31.903461456298828,32.367942810058594,32.6958122253418,4152700.0,21.44057273864746
2011-09-27,33.4881591796875,32.56830596923828,33.442623138427734,32.76866912841797,3299300.0,21.488351821899414
2011-09-28,32.90528106689453,31.712203979492188,32.76866912841797,31.748634338378906,3878900.0,20.819456100463867
2011-09-29,32.77777862548828,32.02185821533203,32.42258834838867,32.77777862548828,3773600.0,21.494321823120117
2011-09-30,32.604736328125,31.912569046020508,32.09471893310547,31.930782318115234,4363500.0,20.93889808654785
2011-10-03,32.185791015625,30.77413558959961,31.766849517822266,30.810564041137695,6525600.0,20.20430564880371
2011-10-04,31.794170379638672,29.744991302490234,30.318761825561523,31.739526748657227,6588100.0,20.81348419189453
2011-10-05,32.158470153808594,30.801456451416016,31.721311569213867,31.89435386657715,4846200.0,20.915010452270508
2011-10-06,32.58652114868164,31.448087692260742,31.730419158935547,32.58652114868164,4217800.0,21.368907928466797
2011-10-07,32.86885070800781,31.81238555908203,32.86885070800781,32.0673942565918,6252100.0,21.02848243713379
2011-10-10,33.87067413330078,32.44990921020508,32.77777862548828,33.843353271484375,4348800.0,22.193082809448242
2011-10-11,33.62477111816406,33.005462646484375,33.57012939453125,33.15118408203125,3849400.0,21.73918914794922
2011-10-12,33.68852615356445,33.023677825927734,33.49726867675781,33.22404479980469,5453700.0,21.78696632385254
2011-10-13,33.023677825927734,32.16757583618164,33.023677825927734,32.559200286865234,4181900.0,21.350988388061523
2011-10-14,33.251365661621094,32.80509948730469,33.251365661621094,33.178504943847656,3168600.0,21.757110595703125
2011-10-17,33.07832336425781,32.46812438964844,32.88706588745117,32.53187561035156,3476900.0,21.333070755004883
2011-10-18,33.64298629760742,32.53187561035156,32.61384201049805,33.56101989746094,4891900.0,22.007938385009766
2011-10-19,33.88888931274414,33.1602897644043,33.55191421508789,33.22404479980469,5025100.0,21.78696632385254
2011-10-20,33.68852615356445,32.67759704589844,33.22404479980469,33.633880615234375,5206300.0,22.05572509765625
2011-10-21,34.763206481933594,33.91621017456055,34.15300369262695,34.5810546875,5650100.0,22.676841735839844
2011-10-24,35.045536041259766,34.517303466796875,34.5810546875,34.954463958740234,4788500.0,22.921709060668945
2011-10-25,34.890708923339844,34.2349739074707,34.726776123046875,34.39890670776367,4399700.0,22.557395935058594
2011-10-26,35.027320861816406,34.27140426635742,34.84517288208008,34.69945526123047,4223100.0,22.754480361938477
2011-10-27,36.29325866699219,35.01821517944336,35.55555725097656,36.12932586669922,6874500.0,23.692138671875
2011-10-28,36.66666793823242,35.9744987487793,36.220401763916016,36.60291290283203,5161800.0,24.00269317626953
2011-10-31,37.22222137451172,35.8834228515625,36.402549743652344,36.29325866699219,5771300.0,23.79963493347168
2011-11-01,35.992713928222656,35.05464553833008,35.1183967590332,35.26411819458008,6012300.0,23.124767303466797
2011-11-02,36.029144287109375,35.20947265625,35.992713928222656,35.70127487182617,4597500.0,23.41143035888672
2011-11-03,36.065574645996094,34.94535446166992,35.628414154052734,35.95628356933594,3134300.0,23.899993896484375
2011-11-04,35.66484451293945,34.499088287353516,35.66484451293945,34.61748504638672,5971900.0,23.010099411010742
2011-11-07,35.18214797973633,34.408016204833984,34.77231216430664,34.81785202026367,2846100.0,23.143281936645508
2011-11-08,35.33697509765625,34.389801025390625,34.972679138183594,35.309654235839844,3490200.0,23.470178604125977
2011-11-09,34.71766662597656,34.0255012512207,34.562843322753906,34.15300369262695,5171500.0,22.70135498046875
2011-11-10,34.69945526123047,33.934425354003906,34.68124008178711,34.344261169433594,4141200.0,22.8284854888916
2011-11-11,35.56466293334961,34.62659454345703,34.83606719970703,35.39162063598633,3372100.0,23.52466583251953
2011-11-14,35.37340545654297,34.47176742553711,35.15482711791992,34.63570022583008,3171400.0,23.022201538085938
2011-11-15,35.027320861816406,34.28050994873047,34.517303466796875,34.80874252319336,2438300.0,23.137224197387695
2011-11-16,35.109291076660156,34.36247634887695,34.50819778442383,34.66302490234375,3985600.0,23.040369033813477
2011-11-17,34.744991302490234,33.88888931274414,34.553733825683594,34.04371643066406,3280300.0,22.62871742248535
2011-11-18,34.408016204833984,33.83424377441406,34.28050994873047,34.353370666503906,3138900.0,22.834543228149414
2011-11-21,33.88888931274414,33.196720123291016,33.797813415527344,33.442623138427734,3603100.0,22.229171752929688
2011-11-22,33.8160285949707,33.16939926147461,33.53369903564453,33.52458953857422,2624700.0,22.28365707397461
2011-11-23,33.34244155883789,32.65938186645508,33.24225997924805,32.7231330871582,2835300.0,21.75092887878418
2011-11-25,33.424407958984375,32.632057189941406,32.73223876953125,32.86885070800781,1306400.0,21.84778594970703
2011-11-28,33.91621017456055,33.29690170288086,33.73406219482422,33.56101989746094,2747900.0,22.307863235473633
2011-11-29,33.843353271484375,33.37887191772461,33.724952697753906,33.47905349731445,1889600.0,22.253387451171875
2011-11-30,35.236793518066406,34.289615631103516,34.60837936401367,35.20036315917969,4710000.0,23.397531509399414
2011-12-01,35.081966400146484,34.480873107910156,35.081966400146484,34.68124008178711,1983000.0,23.05247688293457
2011-12-02,35.100181579589844,34.26229476928711,34.918033599853516,34.326045989990234,3105400.0,22.816377639770508
2011-12-05,34.82695770263672,34.143898010253906,34.79052734375,34.41712188720703,3322200.0,22.876922607421875
2011-12-06,34.75409698486328,34.26229476928711,34.41712188720703,34.60837936401367,1905500.0,23.00404930114746
2011-12-07,35.236793518066406,34.28050994873047,34.517303466796875,35.03643035888672,2898500.0,23.288570404052734
2011-12-08,34.94535446166992,34.44444274902344,34.86338806152344,34.59016418457031,3242100.0,22.991939544677734
2011-12-09,35.51001739501953,34.726776123046875,34.81785202026367,35.34608459472656,3062100.0,23.494400024414062
2011-12-12,35.045536041259766,34.43533706665039,35.045536041259766,34.85428237915039,2386500.0,23.16749382019043
2011-12-13,35.37340545654297,34.60837936401367,35.1183967590332,34.82695770263672,2427000.0,23.149337768554688
2011-12-14,35.5373420715332,34.60837936401367,34.690345764160156,35.14571762084961,3516800.0,23.361209869384766
2011-12-15,35.60109329223633,35.236793518066406,35.482696533203125,35.42805099487305,3413700.0,23.54888343811035
2011-12-16,36.11111068725586,35.45537185668945,35.628414154052734,35.52823257446289,3875900.0,23.615468978881836
2011-12-19,35.73770523071289,35.100181579589844,35.71949005126953,35.15482711791992,2223000.0,23.367265701293945
2011-12-20,36.31147384643555,35.482696533203125,35.60109329223633,36.13843536376953,4476100.0,24.021066665649414
2011-12-21,36.53005599975586,35.91074752807617,36.2112922668457,36.47541046142578,2683900.0,24.24504852294922
2011-12-22,37.185791015625,36.593807220458984,36.65755844116211,37.13114929199219,2584600.0,24.68091583251953
2011-12-23,37.56830596923828,37.14936065673828,37.32240295410156,37.504554748535156,1281400.0,24.929119110107422
2011-12-27,38.1602897644043,37.24043655395508,37.46812438964844,37.94171142578125,1549200.0,25.21969223022461
2011-12-28,38.13296890258789,37.59562683105469,38.041893005371094,37.704917907714844,1842700.0,25.062301635742188
2011-12-29,38.196720123291016,37.58652114868164,37.83242416381836,38.03278732299805,1824800.0,25.280237197875977
2011-12-30,38.233150482177734,37.73223876953125,38.09653854370117,37.73223876953125,1864100.0,25.080463409423828
2012-01-03,38.633880615234375,37.896175384521484,38.196720123291016,38.1420783996582,3839000.0,25.352886199951172
2012-01-04,37.88706588745117,36.75774002075195,37.85063934326172,36.75774002075195,4532600.0,24.43271827697754
2012-01-05,37.03096389770508,36.593807220458984,36.65755844116211,36.8397102355957,4160500.0,24.487201690673828
2012-01-06,37.122039794921875,36.6302375793457,36.8579216003418,36.739524841308594,2489200.0,24.420610427856445
2012-01-09,36.894351959228516,36.539161682128906,36.876136779785156,36.79417037963867,1846100.0,24.456933975219727
2012-01-10,37.504554748535156,37.04007339477539,37.14936065673828,37.43169403076172,2817900.0,24.880691528320312
2012-01-11,37.43169403076172,37.02185821533203,37.2768669128418,37.42258834838867,2701100.0,24.874643325805664
2012-01-12,37.285972595214844,36.69398880004883,37.2768669128418,37.16757583618164,2576300.0,24.70513343811035
2012-01-13,37.44990921020508,36.79417037963867,36.894351959228516,37.440799713134766,2781000.0,24.886741638183594
2012-01-17,38.041893005371094,37.64116668701172,37.73223876953125,37.85063934326172,2804800.0,25.159162521362305
2012-01-18,37.9326057434082,37.331512451171875,37.367942810058594,37.92349624633789,2528500.0,25.20758819580078
2012-01-19,38.07832336425781,37.67759704589844,38.01457214355469,37.686702728271484,2609700.0,25.050195693969727
2012-01-20,37.82331466674805,36.994537353515625,37.668487548828125,37.20400619506836,5309900.0,24.729347229003906
2012-01-23,37.58652114868164,37.26776123046875,37.26776123046875,37.522769927978516,3020500.0,24.94122886657715
2012-01-24,37.7231330871582,37.21311569213867,37.331512451171875,37.331512451171875,4363000.0,24.814104080200195
2012-01-25,37.79599380493164,36.821495056152344,36.821495056152344,37.65938186645508,6032100.0,25.032033920288086
2012-01-26,38.36065673828125,37.73223876953125,37.73223876953125,38.278690338134766,4106300.0,25.443689346313477
2012-01-27,38.30601119995117,37.877960205078125,38.09653854370117,38.178504943847656,2877700.0,25.377090454101562
2012-01-30,37.94171142578125,37.41347885131836,37.43169403076172,37.92349624633789,2843200.0,25.20758819580078
2012-01-31,38.31511688232422,37.88706588745117,38.13296890258789,38.278690338134766,3926900.0,25.443689346313477
2012-02-01,38.68852615356445,38.01457214355469,38.424407958984375,38.32422637939453,3383200.0,25.473957061767578
2012-02-02,38.1420783996582,37.44990921020508,37.97814178466797,37.540985107421875,2634500.0,25.2831974029541
2012-02-03,38.051002502441406,37.714027404785156,37.877960205078125,38.01457214355469,3316300.0,25.60214614868164
2012-02-06,38.22404479980469,37.78688430786133,37.859745025634766,37.95082092285156,2755200.0,25.559221267700195
2012-02-07,38.652095794677734,38.087432861328125,38.24225997924805,38.597450256347656,3587300.0,25.994701385498047
2012-02-08,38.70674133300781,38.32422637939453,38.52458953857422,38.70674133300781,2848400.0,26.068307876586914
2012-02-09,38.934425354003906,38.06010818481445,38.71584701538086,38.1602897644043,2471400.0,25.70029067993164
2012-02-10,38.123863220214844,37.4863395690918,37.78688430786133,37.686702728271484,3144000.0,25.381336212158203
2012-02-13,38.1602897644043,37.841529846191406,38.005462646484375,37.97814178466797,2104600.0,25.577613830566406
2012-02-14,37.9326057434082,37.158470153808594,37.34061813354492,37.331512451171875,3637400.0,25.142127990722656
2012-02-15,36.930782318115234,36.329689025878906,36.67577362060547,36.54827117919922,4099000.0,24.614622116088867
2012-02-16,37.00364303588867,36.402549743652344,36.42987060546875,36.49362564086914,3500200.0,24.577817916870117
2012-02-17,36.8397102355957,36.3023681640625,36.67577362060547,36.77595520019531,2543900.0,24.767959594726562
2012-02-21,36.748634338378906,35.710384368896484,36.748634338378906,35.801456451416016,4718500.0,24.11165428161621
2012-02-22,35.7650260925293,35.291439056396484,35.655738830566406,35.51001739501953,5327100.0,23.915376663208008
2012-02-23,36.08378982543945,35.45537185668945,35.54644775390625,36.08378982543945,3788100.0,24.301799774169922
2012-02-24,36.12932586669922,35.309654235839844,36.07468032836914,35.591983795166016,4422300.0,23.97057342529297
2012-02-27,36.0018196105957,35.26411819458008,35.45537185668945,35.95628356933594,2782800.0,24.215930938720703
2012-02-28,36.42987060546875,35.856101989746094,36.065574645996094,35.94717788696289,3302100.0,24.20979118347168
2012-02-29,36.32058334350586,35.837886810302734,35.9744987487793,35.9744987487793,3029700.0,24.228199005126953
2012-03-01,36.28415298461914,35.82878112792969,35.91985321044922,36.22950744628906,2414200.0,24.399938583374023
2012-03-02,36.4207649230957,35.89253234863281,36.22950744628906,36.0928955078125,1868400.0,24.30792999267578
2012-03-05,36.156646728515625,35.79235076904297,35.96539306640625,36.05646514892578,1612500.0,24.28339958190918
2012-03-06,36.11111068725586,35.58287811279297,35.692169189453125,35.66484451293945,2297000.0,24.019651412963867
2012-03-07,35.98360824584961,35.37340545654297,35.74681091308594,35.91074752807617,3498300.0,24.185258865356445
2012-03-08,36.14754104614258,35.446266174316406,36.14754104614258,35.56466293334961,2390200.0,23.95218276977539
2012-03-09,35.7650260925293,35.464481353759766,35.56466293334961,35.54644775390625,4897500.0,23.939908981323242
2012-03-12,36.43898010253906,35.58287811279297,35.63752365112305,36.32058334350586,3516300.0,24.46127700805664
2012-03-13,37.26776123046875,36.46630096435547,36.53005599975586,37.185791015625,3160500.0,25.043983459472656
2012-03-14,37.41347885131836,36.8579216003418,37.13114929199219,36.958106994628906,2384300.0,24.89063835144043
2012-03-15,37.122039794921875,36.539161682128906,36.948997497558594,36.721309661865234,2832900.0,24.731163024902344
2012-03-16,37.02185821533203,36.62112808227539,36.739524841308594,36.62112808227539,4075400.0,24.663684844970703
2012-03-19,37.23133087158203,36.54827117919922,36.71220397949219,37.03096389770508,3327900.0,24.939708709716797
2012-03-20,37.14936065673828,36.748634338378906,36.912567138671875,36.876136779785156,1947500.0,24.835433959960938
2012-03-21,37.02185821533203,36.67577362060547,36.876136779785156,36.83060073852539,1888500.0,24.804765701293945
2012-03-22,36.37522888183594,35.95628356933594,36.24772262573242,35.9744987487793,5611700.0,24.228199005126953
2012-03-23,36.1839714050293,35.75592041015625,36.07468032836914,36.0018196105957,2799400.0,24.246593475341797
2012-03-26,36.3934440612793,35.91074752807617,36.366119384765625,36.14754104614258,2391600.0,24.344736099243164
2012-03-27,36.5118408203125,36.14754104614258,36.29325866699219,36.33879852294922,3225900.0,24.473543167114258
2012-03-28,36.347904205322266,35.837886810302734,36.24772262573242,36.26593780517578,2769000.0,24.424474716186523
2012-03-29,36.11111068725586,35.7650260925293,35.992713928222656,36.029144287109375,2227500.0,24.26500129699707
2012-03-30,36.26593780517578,35.856101989746094,36.202186584472656,35.93806838989258,3236500.0,24.203664779663086
2012-04-02,36.26593780517578,35.856101989746094,35.92896270751953,36.238616943359375,2670800.0,24.406076431274414
2012-04-03,36.329689025878906,35.710384368896484,36.11111068725586,35.783241271972656,2237000.0,24.099388122558594
2012-04-04,35.60109329223633,35.26411819458008,35.519126892089844,35.36429977416992,2512900.0,23.81723403930664
2012-04-05,35.40073013305664,34.99089431762695,35.20947265625,35.17304229736328,2067300.0,23.688425064086914
2012-04-09,35.081966400146484,34.71766662597656,34.763206481933594,34.918033599853516,2662500.0,23.516687393188477
2012-04-10,35.03643035888672,34.43533706665039,34.872493743896484,34.48998260498047,3990900.0,23.228403091430664
2012-04-11,35.0910758972168,34.63570022583008,34.79963684082031,35.063751220703125,3114900.0,23.61481475830078
2012-04-12,35.591983795166016,34.9089241027832,35.081966400146484,35.591983795166016,2466400.0,23.97057342529297
2012-04-13,35.71949005126953,35.255008697509766,35.591983795166016,35.45537185668945,2178600.0,23.878572463989258
2012-04-16,36.047359466552734,35.610198974609375,35.63752365112305,35.819671630859375,2090400.0,24.123926162719727
2012-04-17,36.13843536376953,35.63752365112305,36.03824996948242,36.047359466552734,1948000.0,24.27726173400879
2012-04-18,36.047359466552734,35.73770523071289,35.837886810302734,35.75592041015625,1791600.0,24.08098030090332
2012-04-19,35.89253234863281,35.40073013305664,35.856101989746094,35.58287811279297,1793000.0,23.964447021484375
2012-04-20,36.202186584472656,35.66484451293945,35.68305969238281,36.065574645996094,1935600.0,24.28953742980957
2012-04-23,36.010929107666016,35.72859573364258,35.801456451416016,35.95628356933594,2575400.0,24.215930938720703
2012-04-24,36.52094650268555,36.03824996948242,36.03824996948242,36.46630096435547,2897800.0,24.559415817260742
2012-04-25,37.122039794921875,36.67577362060547,36.75774002075195,37.11293411254883,3052500.0,24.994909286499023
2012-04-26,37.67759704589844,36.98542785644531,37.07650375366211,37.668487548828125,3175400.0,25.36906623840332
2012-04-27,37.94171142578125,37.4863395690918,37.92349624633789,37.64116668701172,2182900.0,25.35066795349121
2012-04-30,37.78688430786133,37.34061813354492,37.632057189941406,37.75045394897461,2711800.0,25.424270629882812
2012-05-01,38.1602897644043,37.42258834838867,37.57741165161133,37.79599380493164,2445600.0,25.45494270324707
2012-05-02,37.90528106689453,37.4863395690918,37.668487548828125,37.76866912841797,2175400.0,25.436532974243164
2012-05-03,37.46812438964844,37.13114929199219,37.313297271728516,37.13114929199219,2111400.0,25.342674255371094
2012-05-04,37.140254974365234,36.81238555908203,36.976322174072266,37.07650375366211,2270900.0,25.305377960205078
2012-05-07,37.65938186645508,36.994537353515625,37.01274871826172,37.46812438964844,1772500.0,25.572668075561523
2012-05-08,37.40437316894531,36.98542785644531,37.24043655395508,37.25865173339844,1882500.0,25.429698944091797
2012-05-09,37.686702728271484,36.8579216003418,36.912567138671875,37.37704849243164,2500000.0,25.51050567626953
2012-05-10,37.75045394897461,37.313297271728516,37.6958122253418,37.668487548828125,2659000.0,25.70941925048828
2012-05-11,37.80509948730469,37.313297271728516,37.46812438964844,37.74134826660156,2458400.0,25.7591552734375
2012-05-14,37.92349624633789,37.20400619506836,37.367942810058594,37.57741165161133,3282200.0,25.647262573242188
2012-05-15,37.73223876953125,37.38615798950195,37.495445251464844,37.4863395690918,3009300.0,25.585105895996094
2012-05-16,37.65938186645508,37.185791015625,37.53187561035156,37.22222137451172,2849900.0,25.404834747314453
2012-05-17,37.43169403076172,36.739524841308594,37.32240295410156,36.748634338378906,3488100.0,25.081602096557617
2012-05-18,37.313297271728516,36.29325866699219,36.93989181518555,36.42987060546875,2765300.0,24.86404800415039
2012-05-21,37.103824615478516,36.46630096435547,36.52094650268555,37.04007339477539,2454400.0,25.280513763427734
2012-05-22,37.395263671875,36.96721267700195,37.185791015625,37.17668533325195,3164600.0,25.373760223388672
2012-05-23,37.2768669128418,36.56648635864258,36.958106994628906,37.22222137451172,2377800.0,25.404834747314453
2012-05-24,37.64116668701172,37.09471893310547,37.37704849243164,37.61384201049805,1881900.0,25.6721248626709
2012-05-25,37.79599380493164,37.21311569213867,37.58652114868164,37.32240295410156,1329700.0,25.473207473754883
2012-05-29,37.75956344604492,37.285972595214844,37.522769927978516,37.74134826660156,1643700.0,25.7591552734375
2012-05-30,37.61384201049805,36.930782318115234,37.477230072021484,36.948997497558594,2146500.0,25.218353271484375
2012-05-31,37.504554748535156,36.65755844116211,36.958106994628906,37.19490051269531,3715500.0,25.386186599731445
2012-06-01,36.66666793823242,36.02003479003906,36.43898010253906,36.07468032836914,2864700.0,24.62161636352539
2012-06-04,36.174861907958984,35.58287811279297,36.11111068725586,35.81056594848633,2218500.0,24.44135284423828
2012-06-05,36.612022399902344,35.63752365112305,35.74681091308594,36.50273132324219,2219900.0,24.913768768310547
2012-06-06,37.37704849243164,36.5118408203125,36.73041915893555,37.37704849243164,3114600.0,25.51050567626953
2012-06-07,37.75956344604492,37.00364303588867,37.714027404785156,37.103824615478516,4375800.0,25.324026107788086
2012-06-08,37.98725128173828,37.04917907714844,37.04917907714844,37.98725128173828,2092300.0,25.926982879638672
2012-06-11,38.29690170288086,37.16757583618164,38.22404479980469,37.21311569213867,2977500.0,25.39862632751465
2012-06-12,37.559200286865234,36.994537353515625,37.295082092285156,37.540985107421875,2267600.0,25.622398376464844
2012-06-13,38.023677825927734,37.26776123046875,37.477230072021484,37.64116668701172,2322800.0,25.69077491760254
2012-06-14,38.9071044921875,37.58652114868164,37.75045394897461,38.75227737426758,4099600.0,26.44913101196289
2012-06-15,39.180328369140625,38.77049255371094,39.007286071777344,39.05282211303711,5454500.0,26.654258728027344
2012-06-18,39.96356964111328,38.97996520996094,39.007286071777344,39.726776123046875,2956100.0,27.114246368408203
2012-06-19,38.806922912597656,38.32422637939453,38.33333206176758,38.7887077331543,7487900.0,26.47399139404297
2012-06-20,39.180328369140625,38.761383056640625,38.87977981567383,38.94353485107422,4287300.0,26.57967185974121
2012-06-21,39.216758728027344,38.57012939453125,39.08925247192383,38.64298629760742,3008100.0,26.374534606933594
2012-06-22,38.9981803894043,38.460838317871094,38.94353485107422,38.66120147705078,3318200.0,26.386962890625
2012-06-25,38.9071044921875,38.251365661621094,38.3697624206543,38.761383056640625,2478100.0,26.455339431762695
2012-06-26,39.08925247192383,38.5792350769043,38.86156463623047,38.825138092041016,2040800.0,26.498855590820312
2012-06-27,39.18943405151367,38.797813415527344,39.18943405151367,39.0255012512207,2095200.0,26.635610580444336
2012-06-28,39.499088287353516,38.56101989746094,38.91621017456055,39.43533706665039,2309000.0,26.915319442749023
2012-06-29,40.20947265625,39.79052734375,40.063751220703125,40.20947265625,2982600.0,27.44367790222168
2012-07-02,40.710384368896484,39.972679138183594,40.628414154052734,40.573768615722656,3205300.0,27.692325592041016
2012-07-03,40.79235076904297,40.482696533203125,40.72859573364258,40.66484451293945,1111200.0,27.754491806030273
2012-07-05,40.710384368896484,40.01821517944336,40.573768615722656,40.15482711791992,2265800.0,27.406387329101562
2012-07-06,40.482696533203125,39.71766662597656,39.79963684082031,40.446266174316406,1663900.0,27.605302810668945
2012-07-09,40.610198974609375,40.236793518066406,40.52823257446289,40.591983795166016,1551100.0,27.70475959777832
2012-07-10,40.90163803100586,39.69945526123047,40.73770523071289,39.918033599853516,2251500.0,27.244779586791992
2012-07-11,40.40983581542969,39.71766662597656,40.00910568237305,40.309654235839844,2063500.0,27.51206398010254
2012-07-12,40.98360824584961,39.890708923339844,40.03643035888672,40.75592041015625,3214800.0,27.816646575927734
2012-07-13,41.44808578491211,40.692169189453125,40.71949005126953,41.347904205322266,3051100.0,28.22068977355957
2012-07-16,41.67577362060547,41.1839714050293,41.1839714050293,41.366119384765625,2069800.0,28.233125686645508
2012-07-17,42.103824615478516,41.1839714050293,41.539161682128906,41.930782318115234,2991100.0,28.61850929260254
2012-07-18,42.00364303588867,41.66666793823242,41.73041915893555,41.93989181518555,2455400.0,28.624731063842773
2012-07-19,41.98542785644531,41.193077087402344,41.948997497558594,41.557376861572266,1974300.0,28.363658905029297
2012-07-20,41.46630096435547,41.0928955078125,41.329689025878906,41.156646728515625,5616100.0,28.09014892578125
2012-07-23,41.60291290283203,40.68305969238281,40.68305969238281,41.43898010253906,2095000.0,28.28285026550293
2012-07-24,41.721309661865234,41.220401763916016,41.42987060546875,41.69398880004883,2373800.0,28.456893920898438
2012-07-25,42.19490051269531,41.56648635864258,41.803279876708984,41.958106994628906,2420900.0,28.63715934753418
2012-07-26,43.4881591796875,41.894351959228516,42.5136604309082,42.295082092285156,2431100.0,28.867155075073242
2012-07-27,43.041893005371094,42.349727630615234,42.704917907714844,42.95992660522461,2062100.0,29.320919036865234
2012-07-30,43.26958084106445,42.76866912841797,42.92349624633789,42.9326057434082,2037200.0,29.302276611328125
2012-07-31,43.251365661621094,42.79599380493164,42.94171142578125,42.99635696411133,2135100.0,29.345794677734375
2012-08-01,43.387977600097656,42.650272369384766,43.069217681884766,42.75045394897461,2743900.0,29.177949905395508
2012-08-02,42.285972595214844,41.84881591796875,42.22222137451172,42.16757583618164,2706800.0,29.12071990966797
2012-08-03,42.79599380493164,41.958106994628906,42.459014892578125,42.285972595214844,2509300.0,29.202484130859375
2012-08-06,42.714027404785156,42.11293411254883,42.40437316894531,42.14936065673828,1527600.0,29.108142852783203
2012-08-07,42.23133087158203,41.24772262573242,42.23133087158203,41.48451614379883,2727300.0,28.64900779724121
2012-08-08,41.58469772338867,41.13843536376953,41.47541046142578,41.43898010253906,3124700.0,28.617555618286133
2012-08-09,41.83060073852539,41.411659240722656,41.49362564086914,41.50273132324219,2155300.0,28.661577224731445
2012-08-10,41.68488311767578,41.32058334350586,41.49362564086914,41.3934440612793,1600700.0,28.586103439331055
2012-08-13,41.60291290283203,41.275047302246094,41.43898010253906,41.35701370239258,1577200.0,28.560945510864258
2012-08-14,41.63934326171875,41.28415298461914,41.49362564086914,41.347904205322266,1591600.0,28.554656982421875
2012-08-15,41.557376861572266,41.22950744628906,41.29325866699219,41.256832122802734,1401900.0,28.491758346557617
2012-08-16,41.411659240722656,41.03824996948242,41.384334564208984,41.24772262573242,2269000.0,28.4854679107666
2012-08-17,41.384334564208984,40.856101989746094,41.384334564208984,40.9744987487793,2558500.0,28.296785354614258
2012-08-20,41.22950744628906,40.8834228515625,40.95628356933594,41.16575622558594,2099900.0,28.428871154785156
2012-08-21,41.4207649230957,41.08378982543945,41.275047302246094,41.238616943359375,1791600.0,28.47916603088379
2012-08-22,41.275047302246094,40.628414154052734,40.9744987487793,41.26593780517578,2597400.0,28.498046875
2012-08-23,41.13843536376953,40.40983581542969,41.10200500488281,40.437156677246094,2897200.0,27.925695419311523
2012-08-24,40.91074752807617,40.309654235839844,40.39162063598633,40.82878112792969,1028100.0,28.196151733398438
2012-08-27,41.065574645996094,40.75592041015625,40.87431716918945,40.98360824584961,1053500.0,28.303071975708008
2012-08-28,41.256832122802734,40.692169189453125,40.94717788696289,41.2112922668457,1144100.0,28.46031379699707
2012-08-29,41.174861907958984,40.8834228515625,41.174861907958984,41.14754104614258,1477500.0,28.416292190551758
2012-08-30,41.67577362060547,40.93806838989258,41.047359466552734,41.557376861572266,2044000.0,28.699323654174805
2012-08-31,41.785064697265625,41.33879852294922,41.70309829711914,41.766849517822266,3621000.0,28.843975067138672
2012-09-04,42.20400619506836,41.5118408203125,41.68488311767578,42.16757583618164,2124600.0,29.12071990966797
2012-09-05,42.477230072021484,42.02185821533203,42.26776123046875,42.2768669128418,2067600.0,29.196197509765625
2012-09-06,42.859745025634766,42.331512451171875,42.62295150756836,42.83242416381836,2950200.0,29.579858779907227
2012-09-07,42.94171142578125,42.395263671875,42.86885070800781,42.477230072021484,1759400.0,29.334571838378906
2012-09-10,42.540985107421875,42.0673942565918,42.440799713134766,42.14936065673828,1975100.0,29.108142852783203
2012-09-11,42.604736328125,42.07650375366211,42.103824615478516,42.559200286865234,2037200.0,29.391172409057617
2012-09-12,42.714027404785156,42.295082092285156,42.559200286865234,42.55009078979492,2772700.0,29.384883880615234
2012-09-13,42.896175384521484,42.43169403076172,42.5136604309082,42.80509948730469,3106300.0,29.560985565185547
2012-09-14,43.041893005371094,42.185791015625,42.95082092285156,42.2768669128418,3696700.0,29.196197509765625
2012-09-17,42.632057189941406,42.19490051269531,42.20400619506836,42.25865173339844,2809700.0,29.18360710144043
2012-09-18,42.04007339477539,41.174861907958984,42.04007339477539,41.256832122802734,5432000.0,28.491758346557617
2012-09-19,41.4207649230957,41.10200500488281,41.411659240722656,41.13843536376953,2554600.0,28.410001754760742
2012-09-20,41.238616943359375,40.77413558959961,40.89253234863281,41.047359466552734,3256700.0,28.34710121154785
2012-09-21,41.238616943359375,40.91985321044922,41.1839714050293,40.91985321044922,5241100.0,28.259052276611328
2012-09-24,41.174861907958984,40.81056594848633,40.94717788696289,40.92896270751953,2334500.0,28.265335083007812
2012-09-25,41.12932586669922,40.26411819458008,41.047359466552734,40.273223876953125,2782400.0,27.8124942779541
2012-09-26,40.91074752807617,40.31875991821289,40.35519027709961,40.37340545654297,2402400.0,27.881677627563477
2012-09-27,40.801456451416016,40.40983581542969,40.45537185668945,40.51001739501953,2119600.0,27.97601890563965
2012-09-28,40.71949005126953,40.18214797973633,40.4189453125,40.51001739501953,2716100.0,27.97601890563965
2012-10-01,40.7650260925293,40.00910568237305,40.70127487182617,40.39162063598633,2153800.0,27.894258499145508
2012-10-02,40.91985321044922,40.52823257446289,40.56466293334961,40.89253234863281,2022700.0,28.24017906188965
2012-10-03,41.52094650268555,40.95628356933594,40.98360824584961,41.26593780517578,2086700.0,28.498046875
2012-10-04,41.49362564086914,41.07468032836914,41.3934440612793,41.220401763916016,1969200.0,28.46660614013672
2012-10-05,41.56648635864258,41.07468032836914,41.4207649230957,41.44808578491211,1524100.0,28.623844146728516
2012-10-08,41.53005599975586,41.12022018432617,41.366119384765625,41.37522888183594,939300.0,28.573530197143555
2012-10-09,41.58469772338867,41.3023681640625,41.402549743652344,41.37522888183594,1569300.0,28.573530197143555
2012-10-10,41.6302375793457,41.256832122802734,41.256832122802734,41.43898010253906,2034200.0,28.617555618286133
2012-10-11,41.64845275878906,41.16575622558594,41.64845275878906,41.22950744628906,2131600.0,28.4728946685791
2012-10-12,41.5118408203125,41.11111068725586,41.275047302246094,41.14754104614258,1439200.0,28.416292190551758
2012-10-15,41.49362564086914,40.91074752807617,41.14754104614258,41.45719528198242,1678900.0,28.63013458251953
2012-10-16,41.8579216003418,41.402549743652344,41.62112808227539,41.821495056152344,1812900.0,28.881710052490234
2012-10-17,40.856101989746094,40.38251495361328,40.482696533203125,40.70127487182617,18660900.0,28.108104705810547
2012-10-18,41.42987060546875,40.7650260925293,40.82878112792969,41.37522888183594,7831100.0,28.573530197143555
2012-10-19,41.54827117919922,41.05646514892578,41.32058334350586,41.05646514892578,4578800.0,28.3533935546875
2012-10-22,41.13843536376953,40.646629333496094,41.13843536376953,40.90163803100586,3354100.0,28.2464656829834
2012-10-23,40.710384368896484,40.35519027709961,40.573768615722656,40.610198974609375,3702000.0,28.04520034790039
2012-10-24,40.98360824584961,40.610198974609375,40.75592041015625,40.801456451416016,3536100.0,28.177276611328125
2012-10-25,41.193077087402344,40.13661193847656,41.010929107666016,40.33697509765625,3292900.0,27.85651206970215
2012-10-26,40.45537185668945,39.77231216430664,40.3278694152832,40.0910758972168,3553400.0,27.68669891357422
2012-10-31,40.73770523071289,40.13661193847656,40.37340545654297,40.39162063598633,4972800.0,27.894258499145508
2012-11-01,40.273223876953125,39.44444274902344,40.273223876953125,39.54462814331055,4159100.0,27.651615142822266
2012-11-02,40.19125747680664,39.69945526123047,39.85428237915039,39.972679138183594,3081900.0,27.95093536376953
2012-11-05,39.918033599853516,39.480873107910156,39.80874252319336,39.60837936401367,2964100.0,27.69620132446289
2012-11-06,40.15482711791992,39.78142166137695,39.81785202026367,40.05464553833008,2470000.0,28.008251190185547
2012-11-07,40.646629333496094,39.75409698486328,39.75409698486328,40.37340545654297,4112300.0,28.231143951416016
2012-11-08,40.3278694152832,40.027320861816406,40.31875991821289,40.045536041259766,3699800.0,28.00187873840332
2012-11-09,40.45537185668945,39.79052734375,40.027320861816406,40.20947265625,2107800.0,28.11650276184082
2012-11-12,40.519126892089844,40.063751220703125,40.273223876953125,40.40073013305664,1343100.0,28.250247955322266
2012-11-13,40.95628356933594,40.17304229736328,40.21857833862305,40.75592041015625,2408000.0,28.498615264892578
2012-11-14,40.819671630859375,39.84517288208008,40.75592041015625,39.94535446166992,3624400.0,27.93182373046875
2012-11-15,40.22768783569336,39.66302490234375,39.99089431762695,39.872493743896484,2343100.0,27.880882263183594
2012-11-16,40.73770523071289,39.92713928222656,40.00910568237305,40.58287811279297,3441900.0,28.37761878967285
2012-11-19,41.32058334350586,40.87431716918945,40.9744987487793,41.24772262573242,2782600.0,28.84250831604004
2012-11-20,41.56648635864258,41.13843536376953,41.347904205322266,41.557376861572266,3068400.0,29.059036254882812
2012-11-21,41.64845275878906,41.08378982543945,41.56648635864258,41.32058334350586,2484300.0,28.89345359802246
2012-11-23,41.63934326171875,41.28415298461914,41.45719528198242,41.612022399902344,684800.0,29.09724235534668
2012-11-26,42.03096389770508,41.31147384643555,41.46630096435547,41.70309829711914,2571600.0,29.16092872619629
2012-11-27,41.46630096435547,40.61930847167969,41.411659240722656,41.07468032836914,4125500.0,28.721506118774414
2012-11-28,41.03824996948242,40.58287811279297,41.03824996948242,40.95628356933594,3209100.0,28.638717651367188
2012-11-29,41.0928955078125,40.4189453125,41.07468032836914,40.95628356933594,3388400.0,28.638717651367188
2012-11-30,41.35701370239258,40.90163803100586,41.08378982543945,41.029144287109375,3790400.0,28.68967056274414
2012-12-03,41.402549743652344,40.82878112792969,41.193077087402344,40.95628356933594,2645900.0,28.638717651367188
2012-12-04,41.10200500488281,40.71949005126953,41.0018196105957,40.98360824584961,3803400.0,28.657825469970703
2012-12-05,41.065574645996094,40.673954010009766,40.98360824584961,40.819671630859375,2487100.0,28.543190002441406
2012-12-06,41.2112922668457,40.8834228515625,40.9744987487793,41.02003479003906,2339800.0,28.68329429626465
2012-12-07,41.347904205322266,40.9744987487793,41.08378982543945,41.32058334350586,1766500.0,28.89345359802246
2012-12-10,41.5118408203125,41.16575622558594,41.29325866699219,41.32058334350586,1795600.0,28.89345359802246
2012-12-11,41.557376861572266,41.22950744628906,41.46630096435547,41.347904205322266,2231600.0,28.91256332397461
2012-12-12,41.384334564208984,40.95628356933594,41.384334564208984,41.174861907958984,1994700.0,28.791561126708984
2012-12-13,41.31147384643555,40.31875991821289,41.14754104614258,40.519126892089844,2589500.0,28.333026885986328
2012-12-14,40.66484451293945,40.15482711791992,40.655738830566406,40.24590301513672,2900600.0,28.141979217529297
2012-12-17,40.60109329223633,39.98178482055664,40.60109329223633,40.20036315917969,3496800.0,28.11014175415039
2012-12-18,40.72859573364258,40.18214797973633,40.28233337402344,40.71949005126953,3264200.0,28.473142623901367
2012-12-19,40.95628356933594,40.5373420715332,40.819671630859375,40.5373420715332,2285700.0,28.345773696899414
2012-12-20,41.02003479003906,40.573768615722656,40.610198974609375,40.98360824584961,2717900.0,28.657825469970703
2012-12-21,41.02003479003906,40.610198974609375,40.9744987487793,40.783241271972656,5692400.0,28.517719268798828
2012-12-24,41.24772262573242,40.60109329223633,40.66484451293945,41.0928955078125,1165500.0,28.73424530029297
2012-12-26,41.220401763916016,40.77413558959961,41.16575622558594,40.92896270751953,1805500.0,28.61961555480957
2012-12-27,41.174861907958984,40.610198974609375,40.91074752807617,41.11111068725586,1716600.0,28.746980667114258
2012-12-28,41.16575622558594,40.74681091308594,40.856101989746094,40.837886810302734,1694200.0,28.555936813354492
2012-12-31,41.14754104614258,40.61930847167969,40.710384368896484,41.12932586669922,2288000.0,28.759721755981445
2013-01-02,41.748634338378906,41.2112922668457,41.66666793823242,41.47541046142578,2626800.0,29.001720428466797
2013-01-03,41.60291290283203,41.1839714050293,41.49362564086914,41.53005599975586,2968700.0,29.039934158325195
2013-01-04,41.73041915893555,41.3934440612793,41.53005599975586,41.69398880004883,1899600.0,29.15456199645996
2013-01-07,41.81238555908203,41.402549743652344,41.53005599975586,41.43898010253906,1301000.0,28.976245880126953
2013-01-08,41.67577362060547,41.35701370239258,41.384334564208984,41.60291290283203,1590100.0,29.090877532958984
2013-01-09,41.748634338378906,41.50273132324219,41.748634338378906,41.5118408203125,1501600.0,29.02718734741211
2013-01-10,41.958106994628906,41.52094650268555,41.65755844116211,41.84881591796875,2822200.0,29.26282501220703
2013-01-11,41.894351959228516,41.539161682128906,41.79417037963867,41.894351959228516,1534600.0,29.294666290283203
2013-01-14,42.00364303588867,41.83060073852539,41.8579216003418,42.00364303588867,1050100.0,29.37108612060547
2013-01-15,42.085609436035156,41.6302375793457,41.876136779785156,42.04007339477539,2116000.0,29.396562576293945
2013-01-16,41.98542785644531,41.66666793823242,41.84881591796875,41.86703109741211,1494900.0,29.27556037902832
2013-01-17,42.24954605102539,41.86703109741211,41.98542785644531,42.122039794921875,2150300.0,29.453876495361328
2013-01-18,42.349727630615234,41.894351959228516,42.185791015625,42.331512451171875,2802200.0,29.600343704223633
2013-01-22,42.56830596923828,42.16757583618164,42.21311569213867,42.440799713134766,1869200.0,29.676776885986328
2013-01-23,42.40437316894531,42.122039794921875,42.285972595214844,42.313297271728516,1451700.0,29.58761215209961
2013-01-24,42.43169403076172,42.21311569213867,42.40437316894531,42.35883331298828,1873800.0,29.61945152282715
2013-01-25,42.814208984375,42.331512451171875,42.504554748535156,42.80509948730469,2067200.0,29.931503295898438
2013-01-28,42.914390563964844,42.504554748535156,42.896175384521484,42.73223876953125,1937200.0,29.88056182861328
2013-01-29,43.123863220214844,42.64116668701172,42.64116668701172,43.069217681884766,2074200.0,30.11618995666504
2013-01-30,43.041893005371094,42.62295150756836,42.97814178466797,42.82331466674805,2289000.0,29.944246292114258
2013-01-31,42.35883331298828,42.03096389770508,42.331512451171875,42.24954605102539,3251900.0,29.90971565246582
2013-02-01,42.686702728271484,42.25865173339844,42.43169403076172,42.522769927978516,2601100.0,30.103139877319336
2013-02-04,42.668487548828125,42.24043655395508,42.25865173339844,42.53187561035156,3043300.0,30.109588623046875
2013-02-05,42.7231330871582,42.25865173339844,42.59562683105469,42.35883331298828,2804700.0,29.987085342407227
2013-02-06,42.395263671875,41.98542785644531,42.085609436035156,42.395263671875,2259900.0,30.01287269592285
2013-02-07,42.59562683105469,42.13114929199219,42.44990921020508,42.32240295410156,1851000.0,29.96129608154297
2013-02-08,42.56830596923828,42.295082092285156,42.295082092285156,42.53187561035156,3415500.0,30.109588623046875
2013-02-11,42.83242416381836,42.56830596923828,42.61384201049805,42.7231330871582,1839400.0,30.244983673095703
2013-02-12,42.877960205078125,42.22222137451172,42.77777862548828,42.877960205078125,2097900.0,30.354589462280273
2013-02-13,43.196720123291016,42.914390563964844,43.06010818481445,43.041893005371094,1941800.0,30.470651626586914
2013-02-14,43.07832336425781,42.82331466674805,42.88706588745117,42.94171142578125,1817200.0,30.399723052978516
2013-02-15,43.57012939453125,42.92349624633789,43.051002502441406,43.53369903564453,5098100.0,30.818805694580078
2013-02-19,43.94353485107422,43.45172882080078,43.615665435791016,43.94353485107422,2425800.0,31.108945846557617
2013-02-20,44.289615631103516,43.68852615356445,43.970855712890625,43.6976318359375,2342600.0,30.93485450744629
2013-02-21,43.94353485107422,43.49726867675781,43.70674133300781,43.85245895385742,2603600.0,31.044466018676758
2013-02-22,44.289615631103516,43.88888931274414,43.88888931274414,44.27140426635742,1983700.0,31.34105110168457
2013-02-25,44.480873107910156,43.387977600097656,44.43533706665039,43.387977600097656,1941200.0,30.71565055847168
2013-02-26,44.007286071777344,43.406192779541016,43.55191421508789,43.952640533447266,2464400.0,31.115392684936523
2013-02-27,44.57194900512695,43.779598236083984,43.89799499511719,44.408016204833984,1602700.0,31.43777084350586
2013-02-28,44.79052734375,44.289615631103516,44.307830810546875,44.517303466796875,4590900.0,31.515134811401367
2013-03-01,44.763206481933594,44.22586441040039,44.4626579284668,44.535518646240234,2726100.0,31.52802276611328
2013-03-04,45.291439056396484,44.52641296386719,44.553733825683594,45.045536041259766,2110400.0,31.889087677001953
2013-03-05,45.30054473876953,44.936248779296875,45.28233337402344,45.20036315917969,1428900.0,31.99867820739746
2013-03-06,45.34608459472656,44.899818420410156,45.26411819458008,45.045536041259766,1446900.0,31.889087677001953
2013-03-07,45.22768783569336,44.66302490234375,45.0910758972168,44.726776123046875,2303400.0,31.663419723510742
2013-03-08,44.80874252319336,44.344261169433594,44.79963684082031,44.553733825683594,2011700.0,31.540916442871094
2013-03-11,44.64480972290039,44.408016204833984,44.5810546875,44.52641296386719,1956800.0,31.52157974243164
2013-03-12,44.96356964111328,44.39890670776367,44.890708923339844,44.66302490234375,2633500.0,31.6182918548584
2013-03-13,44.75409698486328,44.344261169433594,44.6721305847168,44.408016204833984,1817600.0,31.43777084350586
2013-03-14,44.94535446166992,44.38069152832031,44.41712188720703,44.535518646240234,2561500.0,31.52802276611328
2013-03-15,44.499088287353516,44.17121887207031,44.28050994873047,44.33515548706055,4214600.0,31.386186599731445
2013-03-18,44.36247634887695,43.952640533447266,44.162113189697266,44.007286071777344,4158100.0,31.154071807861328
2013-03-19,44.180328369140625,43.843353271484375,44.007286071777344,43.934425354003906,2295800.0,31.102497100830078
2013-03-20,44.326045989990234,44.08925247192383,44.143898010253906,44.162113189697266,2168500.0,31.263683319091797
2013-03-21,44.41712188720703,44.01639175415039,44.143898010253906,44.13479232788086,2235100.0,31.244342803955078
2013-03-22,44.63570022583008,44.20764923095703,44.20764923095703,44.54462814331055,1577800.0,31.53447914123535
2013-03-25,44.82695770263672,44.48998260498047,44.78142166137695,44.59016418457031,1552500.0,31.56671142578125
2013-03-26,45.1183967590332,44.62659454345703,44.79963684082031,44.96356964111328,4784900.0,31.831050872802734
2013-03-27,45.063751220703125,44.726776123046875,44.726776123046875,45.0,2778100.0,31.856849670410156
2013-03-28,45.45537185668945,44.936248779296875,45.100181579589844,45.40983581542969,3151800.0,32.14698028564453
2013-04-01,45.77413558959961,45.20036315917969,45.437156677246094,45.77413558959961,2425500.0,32.40488052368164
2013-04-02,46.156646728515625,45.86520767211914,46.02003479003906,45.96539306640625,2776400.0,32.54029083251953
2013-04-03,46.05646514892578,45.54644775390625,45.992713928222656,45.801456451416016,2526400.0,32.424217224121094
2013-04-04,46.411659240722656,45.8834228515625,45.93806838989258,46.35701370239258,2515000.0,32.8175163269043
2013-04-05,46.60291290283203,45.81056594848633,45.82878112792969,46.58469772338867,2282400.0,32.978702545166016
2013-04-08,46.98542785644531,46.402549743652344,46.58469772338867,46.976322174072266,1814800.0,33.25594711303711
2013-04-09,47.24954605102539,46.748634338378906,47.01274871826172,47.085609436035156,1842000.0,33.33331298828125
2013-04-10,47.41347885131836,46.84881591796875,47.0673942565918,47.295082092285156,2078700.0,33.481605529785156
2013-04-11,47.440799713134766,46.721309661865234,47.38615798950195,46.86703109741211,3420400.0,33.17856979370117
2013-04-12,47.37704849243164,46.62112808227539,46.77595520019531,47.37704849243164,2254900.0,33.53962707519531
2013-04-15,47.3041877746582,46.593807220458984,47.13114929199219,46.6302375793457,3394000.0,33.01093673706055
2013-04-16,47.79599380493164,46.29325866699219,46.65755844116211,47.79599380493164,2402000.0,33.836212158203125
2013-04-17,47.59562683105469,46.92167663574219,47.59562683105469,47.313297271728516,1997900.0,33.4944953918457
2013-04-18,47.331512451171875,46.60291290283203,47.26776123046875,46.948997497558594,3284400.0,33.23659896850586
2013-04-19,48.03278732299805,46.958106994628906,47.0673942565918,48.005462646484375,2283000.0,33.98450469970703
2013-04-22,48.105648040771484,47.61384201049805,48.041893005371094,48.01457214355469,1410400.0,33.9909553527832
2013-04-23,48.460838317871094,47.94171142578125,48.18761444091797,48.31511688232422,2133900.0,34.203712463378906
2013-04-24,48.54280471801758,48.07832336425781,48.39708709716797,48.54280471801758,1664300.0,34.364906311035156
2013-04-25,48.54280471801758,47.97814178466797,48.52458953857422,48.18761444091797,2208800.0,34.113460540771484
2013-04-26,48.43351364135742,47.97814178466797,48.278690338134766,48.06010818481445,1584700.0,34.023189544677734
2013-04-29,48.406192779541016,48.07832336425781,48.178504943847656,48.33333206176758,1086500.0,34.216617584228516
2013-04-30,49.143898010253906,48.178504943847656,48.28779602050781,48.54280471801758,2183800.0,34.364906311035156
2013-05-01,48.87067413330078,48.37887191772461,48.49726867675781,48.55191421508789,2022200.0,34.37135314941406
2013-05-02,48.4881591796875,47.896175384521484,48.041893005371094,48.32422637939453,2857100.0,34.58412170410156
2013-05-03,48.86156463623047,48.45172882080078,48.615665435791016,48.6976318359375,3002900.0,34.85136795043945
2013-05-06,48.87067413330078,48.588340759277344,48.66120147705078,48.843353271484375,2202600.0,34.95565414428711
2013-05-07,49.22586441040039,48.724952697753906,48.87067413330078,49.12568283081055,2605200.0,35.15771484375
2013-05-08,48.91621017456055,47.74134826660156,48.86156463623047,47.841529846191406,4181200.0,34.23868179321289
2013-05-09,47.96903610229492,47.07650375366211,47.90528106689453,47.140254974365234,4070900.0,33.73680114746094
2013-05-10,47.459014892578125,47.02185821533203,47.295082092285156,47.32240295410156,3171000.0,33.86716079711914
2013-05-13,47.46812438964844,47.16757583618164,47.349727630615234,47.46812438964844,2723800.0,33.97145080566406
2013-05-14,48.71584701538086,47.559200286865234,47.58652114868164,48.68852615356445,2933800.0,34.8448486328125
2013-05-15,49.499088287353516,48.39708709716797,48.761383056640625,49.499088287353516,2706000.0,35.424949645996094
2013-05-16,49.68124008178711,49.0255012512207,49.344261169433594,49.31694030761719,2464200.0,35.294578552246094
2013-05-17,49.63570022583008,49.20764923095703,49.28050994873047,49.52641296386719,2936100.0,35.44448471069336
2013-05-20,49.918033599853516,49.4626579284668,49.535518646240234,49.82695770263672,1642600.0,35.659584045410156
2013-05-21,50.40073013305664,49.899818420410156,49.936248779296875,50.34608459472656,2890400.0,36.03111267089844
2013-05-22,51.05646514892578,49.06193161010742,50.36429977416992,49.344261169433594,3892800.0,35.31414031982422
2013-05-23,49.04371643066406,47.103824615478516,49.0255012512207,47.24954605102539,4605100.0,33.81502151489258
2013-05-24,46.994537353515625,45.93806838989258,46.93989181518555,46.29325866699219,3647600.0,33.13063430786133
2013-05-28,46.894351959228516,44.80874252319336,46.8397102355957,45.13661193847656,4297300.0,32.30284881591797
2013-05-29,44.83606719970703,43.50637435913086,44.82695770263672,43.597450256347656,5549800.0,31.201322555541992
2013-05-30,44.2349739074707,43.460838317871094,43.9071044921875,43.615665435791016,3458300.0,31.214359283447266
2013-05-31,44.08925247192383,42.99635696411133,43.4881591796875,43.15118408203125,6593900.0,30.881948471069336
2013-06-03,43.85245895385742,42.57741165161133,43.09653854370117,43.743167877197266,4816100.0,31.305614471435547
2013-06-04,43.92531967163086,42.79599380493164,43.71584701538086,42.814208984375,3428500.0,30.640785217285156
2013-06-05,43.023677825927734,42.313297271728516,42.668487548828125,42.43169403076172,2236500.0,30.367034912109375
2013-06-06,43.50637435913086,42.185791015625,42.185791015625,43.47905349731445,3523900.0,31.11659049987793
2013-06-07,43.71584701538086,42.65938186645508,43.50637435913086,43.31511688232422,3348400.0,30.999271392822266
2013-06-10,43.460838317871094,42.331512451171875,43.387977600097656,42.477230072021484,3025200.0,30.39962387084961
2013-06-11,42.77777862548828,41.70309829711914,42.140254974365234,41.785064697265625,5496200.0,29.90425682067871
2013-06-12,42.3041877746582,41.238616943359375,42.140254974365234,41.31147384643555,2704400.0,29.565322875976562
2013-06-13,42.02185821533203,41.16575622558594,41.31147384643555,41.88524627685547,4874000.0,29.975955963134766
2013-06-14,42.504554748535156,41.66666793823242,41.894351959228516,41.84881591796875,7151100.0,29.94988250732422
2013-06-17,42.20400619506836,41.42987060546875,42.07650375366211,41.68488311767578,4637100.0,29.832561492919922
2013-06-18,42.13114929199219,41.44808578491211,41.71220397949219,41.876136779785156,2645000.0,29.96942710876465
2013-06-19,41.98542785644531,40.17304229736328,41.75774002075195,40.21857833862305,3081600.0,28.783180236816406
2013-06-20,40.03643035888672,37.83242416381836,39.9089241027832,38.15118408203125,6359000.0,27.303600311279297
2013-06-21,39.79052734375,37.86885070800781,38.47905349731445,39.33515548706055,7347700.0,28.15093231201172
2013-06-24,39.60837936401367,37.79599380493164,38.743167877197266,38.6065559387207,5854400.0,27.62950325012207
2013-06-25,40.24590301513672,38.797813415527344,39.03460693359375,40.00910568237305,4716200.0,28.63325309753418
2013-06-26,41.202186584472656,40.4189453125,40.42805099487305,41.16575622558594,5428600.0,29.461048126220703
2013-06-27,41.64845275878906,41.12022018432617,41.35701370239258,41.60291290283203,3365000.0,29.773895263671875
2013-06-28,41.748634338378906,41.12022018432617,41.53005599975586,41.384334564208984,3294000.0,29.617469787597656
2013-07-01,41.785064697265625,40.819671630859375,41.739524841308594,40.93806838989258,2242700.0,29.298093795776367
2013-07-02,42.14936065673828,40.91074752807617,41.010929107666016,41.894351959228516,4812800.0,29.982467651367188
2013-07-03,41.63934326171875,40.51001739501953,41.58469772338867,40.91985321044922,2370400.0,29.285058975219727
2013-07-05,41.202186584472656,39.20764923095703,40.992713928222656,40.482696533203125,3086200.0,28.972192764282227
2013-07-08,41.156646728515625,40.446266174316406,40.98360824584961,40.58287811279297,2509400.0,29.043893814086914
2013-07-09,41.156646728515625,40.63752365112305,40.81056594848633,41.05646514892578,2364100.0,29.382829666137695
2013-07-10,41.14754104614258,40.52823257446289,40.95628356933594,40.98360824584961,1810400.0,29.330678939819336
2013-07-11,42.604736328125,41.54827117919922,41.54827117919922,42.395263671875,3846000.0,30.34095573425293
2013-07-12,42.495445251464844,41.88524627685547,42.2768669128418,42.24043655395508,2527700.0,30.230154037475586
2013-07-15,42.4863395690918,42.09471893310547,42.37704849243164,42.46812438964844,1405400.0,30.393098831176758
2013-07-16,42.559200286865234,42.04917907714844,42.495445251464844,42.17668533325195,1935100.0,30.184534072875977
2013-07-17,43.123863220214844,42.34061813354492,42.37704849243164,43.06010818481445,3429700.0,30.816761016845703
2013-07-18,43.214935302734375,42.37704849243164,43.023677825927734,42.65938186645508,2476700.0,30.52997589111328
2013-07-19,42.86885070800781,42.20400619506836,42.7231330871582,42.34061813354492,5617600.0,30.301851272583008
2013-07-22,42.4863395690918,42.17668533325195,42.295082092285156,42.40437316894531,2197700.0,30.34747886657715
2013-07-23,42.604736328125,42.11293411254883,42.53187561035156,42.140254974365234,2105700.0,30.1584529876709
2013-07-24,42.17668533325195,40.7650260925293,42.11293411254883,40.94717788696289,3029900.0,29.30460548400879
2013-07-25,41.16575622558594,40.68305969238281,40.86520767211914,41.13843536376953,2533300.0,29.441482543945312
2013-07-26,41.29325866699219,40.79235076904297,41.13843536376953,41.28415298461914,1580700.0,29.54576873779297
2013-07-29,41.46630096435547,40.8834228515625,41.256832122802734,41.047359466552734,1769300.0,29.376300811767578
2013-07-30,41.994537353515625,40.573768615722656,40.87431716918945,40.68305969238281,1951300.0,29.115585327148438
2013-07-31,41.07468032836914,39.426231384277344,40.90163803100586,39.954463958740234,4741600.0,28.594154357910156
2013-08-01,39.82695770263672,38.278690338134766,39.82695770263672,38.32422637939453,4121200.0,27.79264259338379
2013-08-02,39.162113189697266,38.34244155883789,38.387977600097656,38.989070892333984,3391100.0,28.2747802734375
2013-08-05,39.26229476928711,38.83424377441406,38.9071044921875,39.13479232788086,2545300.0,28.380464553833008
2013-08-06,39.25318908691406,38.56101989746094,38.989070892333984,38.56101989746094,3279300.0,27.96435546875
2013-08-07,38.52458953857422,38.07832336425781,38.49726867675781,38.29690170288086,3550200.0,27.772823333740234
2013-08-08,38.54280471801758,38.051002502441406,38.460838317871094,38.31511688232422,1833500.0,27.78603744506836
2013-08-09,38.934425354003906,38.1602897644043,38.251365661621094,38.597450256347656,2370000.0,27.990772247314453
2013-08-12,38.615665435791016,38.16939926147461,38.597450256347656,38.442623138427734,1945200.0,27.878496170043945
2013-08-13,38.35154724121094,37.34061813354492,38.35154724121094,37.459014892578125,3001400.0,27.16518783569336
2013-08-14,37.62295150756836,36.994537353515625,37.43169403076172,37.0673942565918,2512400.0,26.881183624267578
2013-08-15,36.876136779785156,36.28415298461914,36.75774002075195,36.6302375793457,3705800.0,26.564159393310547
2013-08-16,36.5118408203125,35.710384368896484,36.5118408203125,35.87431716918945,6463200.0,26.015974044799805
2013-08-19,36.220401763916016,35.45537185668945,35.74681091308594,35.8834228515625,3963900.0,26.02257537841797
2013-08-20,36.785064697265625,35.992713928222656,36.03824996948242,36.411659240722656,4453300.0,26.4056453704834
2013-08-21,37.58652114868164,35.783241271972656,36.3023681640625,36.8397102355957,4998500.0,26.71607208251953
2013-08-22,36.930782318115234,36.329689025878906,36.912567138671875,36.69398880004883,2438400.0,26.610393524169922
2013-08-23,37.367942810058594,36.54827117919922,36.63934326171875,37.295082092285156,3187200.0,27.046308517456055
2013-08-26,37.40437316894531,36.81238555908203,37.34061813354492,36.92167663574219,2080900.0,26.775510787963867
2013-08-27,37.40437316894531,36.56648635864258,36.69398880004883,37.26776123046875,2507000.0,27.02649688720703
2013-08-28,37.62295150756836,37.01274871826172,37.21311569213867,37.522769927978516,3186300.0,27.211423873901367
2013-08-29,37.440799713134766,36.92167663574219,37.440799713134766,37.140254974365234,2023700.0,26.934022903442383
2013-08-30,37.38615798950195,36.96721267700195,37.21311569213867,37.09471893310547,2657400.0,26.900997161865234
2013-09-03,37.44990921020508,36.402549743652344,37.42258834838867,36.876136779785156,3467300.0,26.742490768432617
2013-09-04,37.02185821533203,36.60291290283203,36.79417037963867,36.88524627685547,2676100.0,26.74909019470215
2013-09-05,36.930782318115234,36.14754104614258,36.821495056152344,36.16575622558594,1856100.0,26.227319717407227
2013-09-06,37.841529846191406,36.575592041015625,36.8397102355957,37.24043655395508,4026500.0,27.00667381286621
2013-09-09,37.94171142578125,37.05828857421875,37.34061813354492,37.94171142578125,2631200.0,27.515233993530273
2013-09-10,38.13296890258789,37.185791015625,38.11475372314453,37.34061813354492,2572100.0,27.079330444335938
2013-09-11,37.82331466674805,37.295082092285156,37.34061813354492,37.75045394897461,1983000.0,27.376544952392578
2013-09-12,38.1602897644043,37.5136604309082,37.814208984375,37.55009078979492,2424300.0,27.23123550415039
2013-09-13,37.90528106689453,37.5136604309082,37.540985107421875,37.73223876953125,1588000.0,27.363332748413086
2013-09-16,39.52641296386719,38.28779602050781,38.67941665649414,38.45172882080078,2484200.0,27.885107040405273
2013-09-17,38.761383056640625,37.86885070800781,38.45172882080078,38.03278732299805,1824900.0,27.58129119873047
2013-09-18,40.063751220703125,37.522769927978516,38.087432861328125,40.027320861816406,3811100.0,29.0277156829834
2013-09-19,40.5373420715332,39.48998260498047,40.1183967590332,39.499088287353516,3632200.0,28.644641876220703
2013-09-20,39.480873107910156,38.32422637939453,39.41712188720703,38.33333206176758,4167500.0,27.799245834350586
2013-09-23,38.54280471801758,37.859745025634766,38.18761444091797,37.92349624633789,2464500.0,27.502031326293945
2013-09-24,38.051002502441406,37.65938186645508,37.96903610229492,37.704917907714844,2865800.0,27.34351348876953
2013-09-25,38.069217681884766,37.59562683105469,37.6958122253418,37.95082092285156,3274800.0,27.521854400634766
2013-09-26,38.06010818481445,37.714027404785156,37.95082092285156,38.06010818481445,1767900.0,27.601097106933594
2013-09-27,38.069217681884766,37.495445251464844,37.79599380493164,37.841529846191406,2495300.0,27.442588806152344
2013-09-30,38.09653854370117,37.13114929199219,37.59562683105469,37.295082092285156,2961500.0,27.046308517456055
2013-10-01,38.35154724121094,37.17668533325195,37.24954605102539,38.16939926147461,2795100.0,27.680360794067383
2013-10-02,38.233150482177734,37.504554748535156,38.18761444091797,38.041893005371094,2635600.0,27.5878849029541
2013-10-03,37.914390563964844,35.84699630737305,37.877960205078125,36.26593780517578,9832900.0,26.299972534179688
2013-10-04,36.366119384765625,35.13661193847656,36.14754104614258,35.56466293334961,8554900.0,25.791412353515625
2013-10-07,36.53005599975586,35.30054473876953,35.39162063598633,36.3023681640625,4101000.0,26.326393127441406
2013-10-08,36.994537353515625,36.28415298461914,36.28415298461914,36.575592041015625,4774600.0,26.524526596069336
2013-10-09,37.02185821533203,36.575592041015625,36.575592041015625,36.62112808227539,3293400.0,26.557552337646484
2013-10-10,37.26776123046875,36.75774002075195,36.88524627685547,37.22222137451172,2889600.0,26.99346923828125
2013-10-11,37.841529846191406,37.04917907714844,37.185791015625,37.83242416381836,2434500.0,27.43598747253418
2013-10-14,37.90528106689453,37.331512451171875,37.59562683105469,37.75045394897461,2913200.0,27.376544952392578
2013-10-15,37.86885070800781,37.2768669128418,37.46812438964844,37.5136604309082,2411200.0,27.204814910888672
2013-10-16,38.46994400024414,37.668487548828125,37.714027404785156,38.31511688232422,2892400.0,27.78603744506836
2013-10-17,39.12568283081055,38.214935302734375,38.28779602050781,39.01639175415039,2909000.0,28.294597625732422
2013-10-18,39.31694030761719,38.54280471801758,39.20764923095703,38.77049255371094,5508200.0,28.116273880004883
2013-10-21,38.743167877197266,38.069217681884766,38.66120147705078,38.31511688232422,2277200.0,27.78603744506836
2013-10-22,38.97996520996094,38.406192779541016,38.71584701538086,38.724952697753906,2366500.0,28.083248138427734
2013-10-23,38.83424377441406,38.41530227661133,38.652095794677734,38.779598236083984,2970000.0,28.12287139892578
2013-10-24,38.88888931274414,38.57012939453125,38.86156463623047,38.6065559387207,2184200.0,27.997386932373047
2013-10-25,39.28050994873047,38.57012939453125,38.724952697753906,39.20764923095703,2422600.0,28.43329620361328
2013-10-28,39.426231384277344,38.6065559387207,39.344261169433594,39.0255012512207,2139800.0,28.30120849609375
2013-10-29,39.41712188720703,38.1602897644043,39.162113189697266,38.387977600097656,2959500.0,27.83887481689453
2013-10-30,38.71584701538086,38.09653854370117,38.45172882080078,38.53369903564453,3715300.0,27.944541931152344
2013-10-31,38.406192779541016,37.540985107421875,38.406192779541016,37.79599380493164,3067900.0,27.788169860839844
2013-11-01,38.251365661621094,37.65938186645508,37.79599380493164,37.98725128173828,2461000.0,27.92877960205078
2013-11-04,38.251365661621094,37.62295150756836,38.09653854370117,38.1420783996582,2037700.0,28.042613983154297
2013-11-05,38.07832336425781,37.04007339477539,37.90528106689453,37.14936065673828,3064700.0,27.31275177001953
2013-11-06,37.64116668701172,37.122039794921875,37.122039794921875,37.3041877746582,2024200.0,27.426578521728516
2013-11-07,37.504554748535156,36.81238555908203,37.41347885131836,36.8397102355957,2677100.0,27.08509063720703
2013-11-08,36.66666793823242,35.21857833862305,36.62112808227539,36.0928955078125,3604700.0,26.53601837158203
2013-11-11,36.49362564086914,35.91985321044922,36.12022018432617,35.95628356933594,1928400.0,26.435579299926758
2013-11-12,36.02003479003906,35.646629333496094,35.94717788696289,35.783241271972656,2452400.0,26.308361053466797
2013-11-13,35.96539306640625,35.61930847167969,35.655738830566406,35.92896270751953,2323100.0,26.415496826171875
2013-11-14,36.52094650268555,36.029144287109375,36.05646514892578,36.047359466552734,2470800.0,26.50254249572754
2013-11-15,36.44808578491211,35.92896270751953,35.992713928222656,36.256832122802734,2749300.0,26.65654754638672
2013-11-18,36.47541046142578,36.12932586669922,36.24772262573242,36.16575622558594,3112100.0,26.58958625793457
2013-11-19,35.89253234863281,35.3278694152832,35.819671630859375,35.464481353759766,3571500.0,26.073999404907227
2013-11-20,36.202186584472656,35.16393280029297,36.12022018432617,35.36429977416992,4169400.0,26.000341415405273
2013-11-21,35.66484451293945,35.15482711791992,35.36429977416992,35.446266174316406,2320700.0,26.060609817504883
2013-11-22,35.54644775390625,34.66302490234375,35.5373420715332,34.85428237915039,3981700.0,25.62537384033203
2013-11-25,34.972679138183594,34.289615631103516,34.936248779296875,34.33515548706055,3263900.0,25.24370574951172
2013-11-26,34.33515548706055,33.75227737426758,34.33515548706055,33.75227737426758,4386800.0,24.81516456604004
2013-11-27,34.10746765136719,33.6065559387207,33.77049255371094,34.03460693359375,2091600.0,25.022735595703125
2013-11-29,34.13479232788086,33.460838317871094,34.06193161010742,33.4881591796875,1628200.0,24.620981216430664
2013-12-02,33.652095794677734,32.97814178466797,33.652095794677734,33.09653854370117,2668700.0,24.333051681518555
2013-12-03,33.1420783996582,32.604736328125,32.95082092285156,32.841529846191406,2999200.0,24.14556884765625
2013-12-04,33.41530227661133,32.4863395690918,32.522769927978516,33.233150482177734,3634500.0,24.433494567871094
2013-12-05,33.41530227661133,32.86885070800781,33.01457214355469,33.233150482177734,2805800.0,24.433494567871094
2013-12-06,33.54280471801758,33.09653854370117,33.46994400024414,33.30601119995117,2559600.0,24.487062454223633
2013-12-09,33.615665435791016,32.814208984375,33.29690170288086,33.5792350769043,2408500.0,24.687938690185547
2013-12-10,33.91621017456055,33.49726867675781,33.56101989746094,33.57012939453125,3069400.0,24.681249618530273
2013-12-11,33.652095794677734,32.61384201049805,33.652095794677734,32.64116668701172,3429900.0,23.998258590698242
2013-12-12,32.6958122253418,32.331512451171875,32.64116668701172,32.477230072021484,3726000.0,23.877729415893555
2013-12-13,33.03278732299805,32.477230072021484,32.55009078979492,32.57741165161133,2054000.0,23.951385498046875
2013-12-16,33.597450256347656,32.5136604309082,32.57741165161133,32.841529846191406,3448500.0,24.14556884765625
2013-12-17,33.09653854370117,32.64116668701172,32.80509948730469,33.07832336425781,3492100.0,24.319664001464844
2013-12-18,33.588340759277344,32.559200286865234,33.20582962036133,33.55191421508789,5583100.0,24.667856216430664
2013-12-19,33.45172882080078,32.42258834838867,33.45172882080078,32.604736328125,3214200.0,23.971479415893555
2013-12-20,32.94171142578125,32.44990921020508,32.632057189941406,32.859745025634766,4056000.0,24.158964157104492
2013-12-23,33.20582962036133,32.90528106689453,33.01457214355469,32.98725128173828,2831800.0,24.252710342407227
2013-12-24,33.233150482177734,32.914390563964844,32.96903610229492,33.11475372314453,1061300.0,24.346450805664062
2013-12-26,33.39708709716797,33.105648040771484,33.214935302734375,33.22404479980469,2130500.0,24.426799774169922
2013-12-27,33.32422637939453,33.03278732299805,33.196720123291016,33.24225997924805,2462200.0,24.44019317626953
2013-12-30,33.39708709716797,33.15118408203125,33.260475158691406,33.33333206176758,1787800.0,24.507152557373047
2013-12-31,33.36065673828125,32.98725128173828,33.30601119995117,33.07832336425781,2789900.0,24.319664001464844
2014-01-02,33.178504943847656,32.78688430786133,33.087432861328125,32.97814178466797,2305800.0,24.246009826660156
2014-01-03,33.1420783996582,32.74134826660156,32.9326057434082,32.95082092285156,2211700.0,24.225919723510742
2014-01-06,34.01639175415039,32.9326057434082,32.95082092285156,33.52458953857422,4684300.0,24.647764205932617
2014-01-07,34.13479232788086,33.29690170288086,33.52458953857422,34.09836196899414,4659400.0,25.06961441040039
2014-01-08,34.18943405151367,33.652095794677734,34.143898010253906,34.0255012512207,4160800.0,25.016040802001953
2014-01-09,34.44444274902344,33.8160285949707,34.38069152832031,34.07103729248047,4034700.0,25.049524307250977
2014-01-10,35.56466293334961,34.39890670776367,34.41712188720703,35.40073013305664,4763000.0,26.027132034301758
2014-01-13,35.482696533203125,34.62659454345703,35.291439056396484,34.708560943603516,4467700.0,25.518238067626953
2014-01-14,34.872493743896484,34.562843322753906,34.81785202026367,34.59926986694336,3311100.0,25.437889099121094
2014-01-15,34.98178482055664,34.59926986694336,34.60837936401367,34.64480972290039,3732800.0,25.47136688232422
2014-01-16,34.972679138183594,34.5810546875,34.5810546875,34.972679138183594,3242700.0,25.712419509887695
2014-01-17,35.081966400146484,34.50819778442383,35.027320861816406,34.64480972290039,4345400.0,25.47136688232422
2014-01-21,35.1183967590332,34.64480972290039,34.8816032409668,34.96356964111328,3619700.0,25.705724716186523
2014-01-22,35.236793518066406,34.84517288208008,35.05464553833008,35.00910568237305,2288000.0,25.73920440673828
2014-01-23,35.1183967590332,34.83606719970703,34.92713928222656,35.0910758972168,3744000.0,25.79946517944336
2014-01-24,35.236793518066406,34.84517288208008,35.081966400146484,35.15482711791992,3384300.0,25.846338272094727
2014-01-27,35.39162063598633,34.98178482055664,35.15482711791992,34.98178482055664,3166000.0,25.7191162109375
2014-01-28,35.655738830566406,35.100181579589844,35.100181579589844,35.628414154052734,2932200.0,26.194528579711914
2014-01-29,35.628414154052734,35.20947265625,35.40983581542969,35.36429977416992,2577500.0,26.000341415405273
2014-01-30,35.71949005126953,35.38251495361328,35.52823257446289,35.4189453125,2777700.0,26.04051971435547
2014-01-31,35.82878112792969,35.063751220703125,35.0910758972168,35.655738830566406,3461700.0,26.21462059020996
2014-02-03,35.801456451416016,35.31875991821289,35.74681091308594,35.36429977416992,4982600.0,26.000341415405273
2014-02-04,35.56466293334961,35.081966400146484,35.38251495361328,35.5373420715332,3397600.0,26.1275691986084
2014-02-05,35.63752365112305,34.954463958740234,35.446266174316406,35.15482711791992,2840400.0,25.846338272094727
2014-02-06,35.1183967590332,34.61748504638672,34.64480972290039,34.73588180541992,3510900.0,25.940475463867188
2014-02-07,35.05464553833008,34.62659454345703,34.899818420410156,34.99089431762695,3014800.0,26.13092041015625
2014-02-10,35.446266174316406,34.77231216430664,35.03643035888672,35.35519027709961,2765800.0,26.402973175048828
2014-02-11,35.063751220703125,33.96175003051758,34.65391540527344,34.426231384277344,6095200.0,25.709230422973633
2014-02-12,34.65391540527344,34.04371643066406,34.45355224609375,34.24407958984375,3914600.0,25.573204040527344
2014-02-13,34.59926986694336,34.12568283081055,34.15300369262695,34.499088287353516,2692800.0,25.763639450073242
2014-02-14,34.562843322753906,34.22586441040039,34.426231384277344,34.326045989990234,2639900.0,25.63441276550293
2014-02-18,34.499088287353516,33.9071044921875,34.38069152832031,34.48998260498047,3212400.0,25.75684356689453
2014-02-19,35.28233337402344,34.389801025390625,34.426231384277344,34.726776123046875,4049800.0,25.93367576599121
2014-02-20,35.100181579589844,34.27140426635742,34.77231216430664,34.4626579284668,2500900.0,25.73643684387207
2014-02-21,34.17121887207031,33.70674133300781,34.12568283081055,33.797813415527344,4892100.0,25.23992919921875
2014-02-24,34.68124008178711,33.797813415527344,33.87067413330078,34.44444274902344,3144300.0,25.722829818725586
2014-02-25,34.517303466796875,34.01639175415039,34.47176742553711,34.09836196899414,3184900.0,25.464385986328125
2014-02-26,34.63570022583008,34.07103729248047,34.20764923095703,34.61748504638672,2700800.0,25.85205841064453
2014-02-27,34.94535446166992,34.62659454345703,34.64480972290039,34.92713928222656,2535600.0,26.083309173583984
2014-02-28,35.47358703613281,34.82695770263672,34.9089241027832,35.309654235839844,4463200.0,26.36896324157715
2014-03-03,35.38251495361328,34.92713928222656,35.14571762084961,35.236793518066406,2170500.0,26.314556121826172
2014-03-04,35.91074752807617,35.39162063598633,35.56466293334961,35.90163803100586,3491700.0,26.811059951782227
2014-03-05,36.05646514892578,35.51001739501953,35.84699630737305,35.74681091308594,2305000.0,26.695432662963867
2014-03-06,35.81056594848633,35.027320861816406,35.73770523071289,35.13661193847656,2097000.0,26.23973846435547
2014-03-07,35.1183967590332,34.143898010253906,35.081966400146484,34.31694030761719,3780000.0,25.62761878967285
2014-03-10,34.344261169433594,33.85245895385742,34.28050994873047,33.87067413330078,3302300.0,25.294349670410156
2014-03-11,34.289615631103516,33.970855712890625,33.989070892333984,34.10746765136719,5665400.0,25.471179962158203
2014-03-12,34.43533706665039,34.08014678955078,34.08925247192383,34.24407958984375,4628000.0,25.573204040527344
2014-03-13,34.33515548706055,33.8160285949707,34.33515548706055,33.825138092041016,4084400.0,25.26034164428711
2014-03-14,34.13479232788086,33.7887077331543,33.83424377441406,33.843353271484375,3838000.0,25.273942947387695
2014-03-17,34.15300369262695,33.70674133300781,34.01639175415039,33.75227737426758,2862500.0,25.205928802490234
2014-03-18,33.843353271484375,33.62477111816406,33.724952697753906,33.75227737426758,2932300.0,25.205928802490234
2014-03-19,33.97996520996094,32.97814178466797,33.7887077331543,33.069217681884766,5125400.0,24.69582748413086
2014-03-20,33.26958084106445,32.78688430786133,33.005462646484375,33.005462646484375,4310000.0,24.648210525512695
2014-03-21,33.724952697753906,32.95992660522461,33.105648040771484,33.5792350769043,6439400.0,25.07670021057129
2014-03-24,33.724952697753906,33.387977600097656,33.724952697753906,33.424407958984375,3384500.0,24.96108055114746
2014-03-25,33.934425354003906,33.49726867675781,33.5792350769043,33.87067413330078,2217800.0,25.294349670410156
2014-03-26,34.33515548706055,33.73406219482422,34.33515548706055,33.806922912597656,3311200.0,25.24673843383789
2014-03-27,34.45355224609375,33.70674133300781,33.8160285949707,34.39890670776367,2981300.0,25.688827514648438
2014-03-28,34.82695770263672,34.39890670776367,34.45355224609375,34.763206481933594,2485300.0,25.960880279541016
2014-03-31,35.35519027709961,34.517303466796875,34.872493743896484,35.3278694152832,4020100.0,26.382564544677734
2014-04-01,35.36429977416992,35.05464553833008,35.273223876953125,35.35519027709961,3008800.0,26.402973175048828
2014-04-02,35.54644775390625,35.15482711791992,35.291439056396484,35.52823257446289,2965400.0,26.53219985961914
2014-04-03,35.60109329223633,35.24590301513672,35.60109329223633,35.52823257446289,1974300.0,26.53219985961914
2014-04-04,36.12932586669922,35.482696533203125,35.68305969238281,35.94717788696289,3128400.0,26.845056533813477
2014-04-07,36.77595520019531,35.94717788696289,35.98360824584961,36.62112808227539,4093300.0,27.34836196899414
2014-04-08,37.085609436035156,36.49362564086914,36.53005599975586,37.05828857421875,3419700.0,27.67483139038086
2014-04-09,37.17668533325195,36.612022399902344,37.16757583618164,36.81238555908203,4146700.0,27.491191864013672
2014-04-10,37.14936065673828,36.411659240722656,36.8579216003418,36.46630096435547,3463900.0,27.232736587524414
2014-04-11,36.98542785644531,36.13843536376953,36.329689025878906,36.6302375793457,4460800.0,27.355165481567383
2014-04-14,36.92167663574219,36.53005599975586,36.912567138671875,36.912567138671875,2909400.0,27.566009521484375
2014-04-15,37.64116668701172,36.803279876708984,36.876136779785156,37.55009078979492,3659900.0,28.042104721069336
2014-04-16,37.75045394897461,37.24954605102539,37.714027404785156,37.41347885131836,2539000.0,27.940082550048828
2014-04-17,37.40437316894531,36.49362564086914,37.35883331298828,36.912567138671875,5372700.0,27.566009521484375
2014-04-21,37.331512451171875,36.88524627685547,37.2768669128418,37.17668533325195,2631200.0,27.76325225830078
2014-04-22,37.20400619506836,36.593807220458984,37.17668533325195,37.01274871826172,2703600.0,27.640819549560547
2014-04-23,37.158470153808594,36.73041915893555,37.04917907714844,37.158470153808594,3140400.0,27.74964714050293
2014-04-24,37.53187561035156,37.103824615478516,37.19490051269531,37.24954605102539,2592400.0,27.817663192749023
2014-04-25,37.55009078979492,37.04007339477539,37.295082092285156,37.122039794921875,2422900.0,27.722434997558594
2014-04-28,37.896175384521484,37.295082092285156,37.313297271728516,37.896175384521484,3499800.0,28.300554275512695
2014-04-29,38.1602897644043,37.75045394897461,38.041893005371094,38.07832336425781,4758100.0,28.43659019470215
2014-04-30,38.1602897644043,37.79599380493164,37.96903610229492,38.123863220214844,2419000.0,28.47059440612793
2014-05-01,38.43351364135742,37.78688430786133,38.11475372314453,38.41530227661133,2836000.0,28.6882381439209
2014-05-02,38.460838317871094,38.051002502441406,38.22404479980469,38.31511688232422,2826500.0,28.613422393798828
2014-05-05,38.5792350769043,38.178504943847656,38.196720123291016,38.43351364135742,2274600.0,28.70183753967285
2014-05-06,38.64298629760742,37.98725128173828,38.1420783996582,38.22404479980469,2472200.0,28.545408248901367
2014-05-07,38.87977981567383,38.3697624206543,38.39708709716797,38.670310974121094,2767900.0,28.878681182861328
2014-05-08,38.597450256347656,38.18761444091797,38.28779602050781,38.597450256347656,3699300.0,29.23630714416504
2014-05-09,38.9981803894043,38.260475158691406,38.597450256347656,38.35154724121094,5093600.0,29.05004119873047
2014-05-12,38.47905349731445,38.069217681884766,38.387977600097656,38.178504943847656,2451000.0,28.918970108032227
2014-05-13,38.53369903564453,37.99635696411133,38.24225997924805,38.09653854370117,2488600.0,28.85688591003418
2014-05-14,38.57012939453125,37.95992660522461,38.105648040771484,38.43351364135742,2327700.0,29.11213493347168
2014-05-15,38.51548385620117,38.1420783996582,38.35154724121094,38.4881591796875,2459100.0,29.153526306152344
2014-05-16,38.86156463623047,38.1420783996582,38.3697624206543,38.86156463623047,2499500.0,29.43636703491211
2014-05-19,38.797813415527344,38.31511688232422,38.797813415527344,38.52458953857422,1678100.0,29.18111228942871
2014-05-20,38.92531967163086,38.45172882080078,38.67941665649414,38.53369903564453,1649000.0,29.188018798828125
2014-05-21,38.633880615234375,38.041893005371094,38.62477111816406,38.11475372314453,1420300.0,28.870681762695312
2014-05-22,38.24225997924805,37.92349624633789,38.123863220214844,37.95992660522461,1589600.0,28.753400802612305
2014-05-23,38.41530227661133,38.023677825927734,38.1602897644043,38.35154724121094,1328500.0,29.05004119873047
2014-05-27,38.633880615234375,38.1420783996582,38.53369903564453,38.35154724121094,1846700.0,29.05004119873047
2014-05-28,38.32422637939453,37.57741165161133,38.32422637939453,37.75045394897461,2575000.0,28.59473419189453
2014-05-29,38.01457214355469,37.78688430786133,37.841529846191406,37.896175384521484,2174200.0,28.70511245727539
2014-05-30,38.233150482177734,37.896175384521484,37.92349624633789,38.023677825927734,3889900.0,28.801692962646484
2014-06-02,38.424407958984375,37.90528106689453,37.99635696411133,38.28779602050781,3070900.0,29.001752853393555
2014-06-03,38.46994400024414,37.94171142578125,38.34244155883789,38.406192779541016,3549100.0,29.091434478759766
2014-06-04,38.34244155883789,37.94171142578125,38.28779602050781,38.09653854370117,2625200.0,28.85688591003418
2014-06-05,38.85245895385742,38.087432861328125,38.087432861328125,38.83424377441406,2794900.0,29.415672302246094
2014-06-06,38.952640533447266,38.50637435913086,38.934425354003906,38.64298629760742,1868900.0,29.27079200744629
2014-06-09,38.825138092041016,37.83242416381836,38.633880615234375,37.99635696411133,2868400.0,28.780994415283203
2014-06-10,37.98725128173828,37.559200286865234,37.877960205078125,37.668487548828125,2355500.0,28.532649993896484
2014-06-11,37.79599380493164,37.34061813354492,37.559200286865234,37.75045394897461,2596900.0,28.59473419189453
2014-06-12,37.78688430786133,37.313297271728516,37.65938186645508,37.74134826660156,2065900.0,28.58783721923828
2014-06-13,37.82331466674805,37.349727630615234,37.6958122253418,37.78688430786133,1582100.0,28.622329711914062
2014-06-16,37.841529846191406,37.367942810058594,37.704917907714844,37.440799713134766,1790500.0,28.360185623168945
2014-06-17,37.395263671875,36.58469772338867,37.34061813354492,36.8397102355957,3658500.0,27.904876708984375
2014-06-18,37.103824615478516,36.402549743652344,36.8397102355957,37.02185821533203,3440600.0,28.042844772338867
2014-06-19,37.32240295410156,36.930782318115234,37.01274871826172,37.03096389770508,5629300.0,28.04974937438965
2014-06-20,37.53187561035156,36.766849517822266,36.96721267700195,37.504554748535156,4849300.0,28.408470153808594
2014-06-23,37.914390563964844,37.331512451171875,37.34061813354492,37.5136604309082,3200200.0,28.415367126464844
2014-06-24,37.704917907714844,37.440799713134766,37.55009078979492,37.55009078979492,1996800.0,28.442970275878906
2014-06-25,37.704917907714844,37.23133087158203,37.540985107421875,37.349727630615234,2338300.0,28.291202545166016
2014-06-26,37.7231330871582,37.13114929199219,37.295082092285156,37.704917907714844,2727200.0,28.56024742126465
2014-06-27,37.90528106689453,37.5136604309082,37.632057189941406,37.62295150756836,2405100.0,28.498157501220703
2014-06-30,37.73223876953125,37.313297271728516,37.632057189941406,37.686702728271484,2632100.0,28.546443939208984
2014-07-01,37.88706588745117,37.4863395690918,37.814208984375,37.75956344604492,1773400.0,28.601638793945312
2014-07-02,37.75956344604492,37.313297271728516,37.686702728271484,37.58652114868164,1575400.0,28.470558166503906
2014-07-03,37.53187561035156,36.83060073852539,37.53187561035156,37.14936065673828,1926600.0,28.139427185058594
2014-07-07,37.37704849243164,37.09471893310547,37.13114929199219,37.295082092285156,2309200.0,28.24980926513672
2014-07-08,37.79599380493164,37.34061813354492,37.40437316894531,37.504554748535156,2540800.0,28.408470153808594
2014-07-09,37.686702728271484,37.23133087158203,37.62295150756836,37.64116668701172,1372200.0,28.511951446533203
2014-07-10,38.13296890258789,37.44990921020508,37.44990921020508,37.83242416381836,2288100.0,28.656829833984375
2014-07-11,37.83242416381836,37.440799713134766,37.83242416381836,37.522769927978516,1859700.0,28.422273635864258
2014-07-14,37.74134826660156,37.34061813354492,37.53187561035156,37.74134826660156,1622900.0,28.58783721923828
2014-07-15,37.859745025634766,37.62295150756836,37.704917907714844,37.841529846191406,1560900.0,28.663726806640625
2014-07-16,38.15118408203125,37.75045394897461,37.841529846191406,38.13296890258789,1826100.0,28.884475708007812
2014-07-17,38.22404479980469,37.99635696411133,38.07832336425781,38.11475372314453,2012400.0,28.870681762695312
2014-07-18,38.43351364135742,38.069217681884766,38.214935302734375,38.41530227661133,2155900.0,29.09833335876465
2014-07-21,38.46994400024414,38.178504943847656,38.32422637939453,38.39708709716797,1786100.0,29.08453941345215
2014-07-22,38.67941665649414,38.32422637939453,38.597450256347656,38.406192779541016,2132000.0,29.091434478759766
2014-07-23,38.652095794677734,38.41530227661133,38.56101989746094,38.49726867675781,2106700.0,29.160429000854492
2014-07-24,38.67941665649414,38.46994400024414,38.633880615234375,38.66120147705078,1893800.0,29.28459358215332
2014-07-25,38.8160285949707,38.50637435913086,38.62477111816406,38.54280471801758,1982200.0,29.194913864135742
2014-07-28,38.91621017456055,38.54280471801758,38.588340759277344,38.825138092041016,1561400.0,29.408771514892578
2014-07-29,38.9071044921875,38.615665435791016,38.8160285949707,38.71584701538086,1832000.0,29.325992584228516
2014-07-30,38.88888931274414,38.051002502441406,38.670310974121094,38.18761444091797,2850500.0,28.925870895385742
2014-07-31,38.387977600097656,37.82331466674805,38.07832336425781,37.82331466674805,2479500.0,28.649925231933594
2014-08-01,38.26958084106445,37.686702728271484,37.814208984375,38.041893005371094,2801300.0,28.815492630004883
2014-08-04,38.11475372314453,37.65938186645508,38.069217681884766,38.005462646484375,1919800.0,28.787899017333984
2014-08-05,38.15118408203125,37.40437316894531,37.859745025634766,37.46812438964844,2198600.0,28.380878448486328
2014-08-06,37.650272369384766,37.295082092285156,37.42258834838867,37.440799713134766,2242600.0,28.360185623168945
2014-08-07,37.24043655395508,36.93989181518555,37.140254974365234,37.07650375366211,2158300.0,28.49908447265625
2014-08-08,37.43169403076172,36.930782318115234,37.158470153808594,37.24954605102539,1665800.0,28.632091522216797
2014-08-11,37.440799713134766,37.20400619506836,37.24043655395508,37.3041877746582,1529700.0,28.67408561706543
2014-08-12,37.42258834838867,37.140254974365234,37.185791015625,37.313297271728516,1531700.0,28.681095123291016
2014-08-13,37.99635696411133,37.367942810058594,37.395263671875,37.914390563964844,2140300.0,29.14312744140625
2014-08-14,38.35154724121094,38.01457214355469,38.07832336425781,38.251365661621094,2166100.0,29.402143478393555
2014-08-15,38.51548385620117,38.13296890258789,38.214935302734375,38.15118408203125,2198700.0,29.325136184692383
2014-08-18,38.52458953857422,38.24225997924805,38.26958084106445,38.47905349731445,1854300.0,29.57715606689453
2014-08-19,38.86156463623047,38.43351364135742,38.52458953857422,38.67941665649414,1312800.0,29.731170654296875
2014-08-20,38.8160285949707,38.36065673828125,38.56101989746094,38.73406219482422,1370400.0,29.77317237854004
2014-08-21,39.08925247192383,38.724952697753906,38.7887077331543,38.75227737426758,1441600.0,29.78717803955078
2014-08-22,38.85245895385742,38.32422637939453,38.761383056640625,38.47905349731445,1423800.0,29.57715606689453
2014-08-25,38.66120147705078,38.424407958984375,38.64298629760742,38.53369903564453,2028400.0,29.619163513183594
2014-08-26,38.73406219482422,38.47905349731445,38.68852615356445,38.724952697753906,2352100.0,29.766170501708984
2014-08-27,39.007286071777344,38.70674133300781,38.71584701538086,38.9981803894043,1761600.0,29.976186752319336
2014-08-28,39.289615631103516,38.87977981567383,38.87977981567383,39.25318908691406,2597500.0,30.17220687866211
2014-08-29,39.50819778442383,39.22586441040039,39.326045989990234,39.4626579284668,2356500.0,30.333215713500977
2014-09-02,39.5810546875,39.17121887207031,39.5810546875,39.24407958984375,1815500.0,30.16520118713379
2014-09-03,39.480873107910156,39.198543548583984,39.41712188720703,39.44444274902344,1860400.0,30.319211959838867
2014-09-04,39.69945526123047,39.20764923095703,39.344261169433594,39.553733825683594,2380000.0,30.403223037719727
2014-09-05,39.94535446166992,39.39890670776367,39.50819778442383,39.82695770263672,2517600.0,30.61323356628418
2014-09-08,39.84517288208008,39.50819778442383,39.82695770263672,39.52641296386719,1950800.0,30.382219314575195
2014-09-09,39.52641296386719,39.216758728027344,39.52641296386719,39.31694030761719,1642300.0,30.221208572387695
2014-09-10,39.2349739074707,38.54280471801758,39.2349739074707,38.615665435791016,2611000.0,29.682165145874023
2014-09-11,38.9071044921875,38.406192779541016,38.55191421508789,38.66120147705078,2565000.0,29.717161178588867
2014-09-12,38.46994400024414,36.803279876708984,38.34244155883789,36.930782318115234,5421700.0,28.387067794799805
2014-09-15,37.24954605102539,36.56648635864258,37.03096389770508,36.88524627685547,4434200.0,28.35207176208496
2014-09-16,37.32240295410156,36.86703109741211,36.86703109741211,37.11293411254883,3217400.0,28.527082443237305
2014-09-17,37.477230072021484,36.81238555908203,37.295082092285156,36.86703109741211,3159900.0,28.33806800842285
2014-09-18,36.994537353515625,36.24772262573242,36.976322174072266,36.275047302246094,3174800.0,27.88303565979004
2014-09-19,36.53005599975586,36.13843536376953,36.49362564086914,36.4207649230957,4297100.0,27.99502944946289
2014-09-22,36.557376861572266,36.16575622558594,36.42987060546875,36.174861907958984,2704900.0,27.8060302734375
2014-09-23,36.29325866699219,35.96539306640625,36.22950744628906,35.992713928222656,2776000.0,27.666017532348633
2014-09-24,36.22950744628906,35.837886810302734,35.9744987487793,35.94717788696289,3515000.0,27.63101577758789
2014-09-25,36.28415298461914,35.82878112792969,35.856101989746094,36.174861907958984,3539700.0,27.8060302734375
2014-09-26,36.612022399902344,35.992713928222656,36.16575622558594,36.44808578491211,2611200.0,28.01604461669922
2014-09-29,36.47541046142578,36.065574645996094,36.35701370239258,36.42987060546875,2670600.0,28.002044677734375
2014-09-30,36.575592041015625,36.14754104614258,36.366119384765625,36.16575622558594,3208500.0,27.799030303955078
2014-10-01,36.60291290283203,36.16575622558594,36.220401763916016,36.42987060546875,3416600.0,28.002044677734375
2014-10-02,36.5118408203125,36.12022018432617,36.42987060546875,36.33879852294922,2281800.0,27.93204116821289
2014-10-03,36.593807220458984,36.12022018432617,36.411659240722656,36.52094650268555,1755500.0,28.072050094604492
2014-10-06,36.748634338378906,36.45719528198242,36.593807220458984,36.612022399902344,2166900.0,28.14205551147461
2014-10-07,36.948997497558594,36.44808578491211,36.49362564086914,36.58469772338867,2400500.0,28.121049880981445
2014-10-08,37.285972595214844,36.54827117919922,36.54827117919922,37.285972595214844,2854100.0,28.660091400146484
2014-10-09,37.877960205078125,37.285972595214844,37.32240295410156,37.46812438964844,2794500.0,28.800100326538086
2014-10-10,38.51548385620117,37.58652114868164,37.67759704589844,38.16939926147461,3523000.0,29.339141845703125
2014-10-13,38.87977981567383,38.07832336425781,38.16939926147461,38.46994400024414,3525200.0,29.570158004760742
2014-10-14,39.27140426635742,38.588340759277344,38.67941665649414,39.08014678955078,3643300.0,30.039199829101562
2014-10-15,39.371585845947266,38.53369903564453,38.9071044921875,38.91621017456055,4069700.0,29.913183212280273
2014-10-16,39.01639175415039,38.406192779541016,38.64298629760742,38.806922912597656,3455800.0,29.829174041748047
2014-10-17,39.162113189697266,38.16939926147461,39.143898010253906,38.70674133300781,3694200.0,29.752178192138672
2014-10-20,39.12568283081055,38.588340759277344,38.73406219482422,39.08014678955078,1902300.0,30.039199829101562
2014-10-21,38.85245895385742,38.45172882080078,38.797813415527344,38.779598236083984,3457900.0,29.808177947998047
2014-10-22,39.12568283081055,38.5792350769043,38.64298629760742,38.7887077331543,2815400.0,29.8151798248291
2014-10-23,39.04371643066406,38.50637435913086,38.952640533447266,38.989070892333984,3201400.0,29.969192504882812
2014-10-24,39.09836196899414,38.761383056640625,38.89799499511719,39.04371643066406,1735700.0,30.01119041442871
2014-10-27,39.480873107910156,38.9981803894043,39.06193161010742,39.4626579284668,2299600.0,30.333215713500977
2014-10-28,39.499088287353516,39.1165771484375,39.389801025390625,39.499088287353516,1878800.0,30.36121368408203
2014-10-29,39.48998260498047,38.96175003051758,39.389801025390625,39.29872512817383,2133700.0,30.20720863342285
2014-10-30,39.69945526123047,39.09836196899414,39.143898010253906,39.69945526123047,1760000.0,30.515235900878906
2014-10-31,40.0910758972168,39.69945526123047,40.0910758972168,40.045536041259766,3053000.0,30.7812442779541
2014-11-03,40.16393280029297,39.69945526123047,40.07286071777344,40.027320861816406,3387300.0,30.76725196838379
2014-11-04,40.610198974609375,39.98178482055664,40.16393280029297,40.4189453125,3147900.0,31.068273544311523
2014-11-05,40.573768615722656,40.07286071777344,40.573768615722656,40.519126892089844,2593000.0,31.145265579223633
2014-11-06,40.07286071777344,39.198543548583984,39.972679138183594,39.27140426635742,2661900.0,30.597749710083008
2014-11-07,39.517303466796875,39.08014678955078,39.371585845947266,39.33515548706055,2198500.0,30.647428512573242
2014-11-10,39.64480972290039,39.216758728027344,39.2349739074707,39.59016418457031,2203200.0,30.846113204956055
2014-11-11,39.63570022583008,39.1165771484375,39.63570022583008,39.499088287353516,1384600.0,30.775156021118164
2014-11-12,39.60837936401367,39.08925247192383,39.44444274902344,39.43533706665039,2019900.0,30.725479125976562
2014-11-13,40.05464553833008,39.553733825683594,39.94535446166992,40.0,2782600.0,31.16543197631836
2014-11-14,39.92713928222656,39.50819778442383,39.918033599853516,39.690345764160156,2397000.0,30.924171447753906
2014-11-17,40.24590301513672,39.726776123046875,39.744991302490234,40.22768783569336,2322700.0,31.342832565307617
2014-11-18,40.36429977416992,40.03643035888672,40.26411819458008,40.109291076660156,2492200.0,31.250581741333008
2014-11-19,40.24590301513672,39.31694030761719,40.24590301513672,39.36247634887695,3761100.0,30.668712615966797
2014-11-20,39.44444274902344,39.03460693359375,39.38069152832031,39.326045989990234,3224700.0,30.64032554626465
2014-11-21,39.936248779296875,39.43533706665039,39.499088287353516,39.936248779296875,2555500.0,31.115766525268555
2014-11-24,40.07286071777344,39.78142166137695,39.85428237915039,39.82695770263672,1657300.0,31.030614852905273
2014-11-25,40.01821517944336,39.5810546875,39.96356964111328,39.86338806152344,3622300.0,31.058990478515625
2014-11-26,40.573768615722656,39.954463958740234,40.0,40.500911712646484,2509400.0,31.555709838867188
2014-11-28,41.156646728515625,40.49180221557617,40.610198974609375,40.801456451416016,1418700.0,31.789873123168945
2014-12-01,41.48451614379883,40.68305969238281,40.7650260925293,41.366119384765625,3714800.0,32.22983169555664
2014-12-02,41.43898010253906,40.783241271972656,41.2112922668457,41.37522888183594,3644300.0,32.23692321777344
2014-12-03,41.50273132324219,41.10200500488281,41.45719528198242,41.402549743652344,2799600.0,32.258209228515625
2014-12-04,41.612022399902344,41.16575622558594,41.402549743652344,41.50273132324219,2753200.0,32.33625793457031
2014-12-05,41.2112922668457,40.081966400146484,41.2112922668457,40.34608459472656,3766200.0,31.435083389282227
2014-12-08,40.98360824584961,40.34608459472656,40.4189453125,40.82878112792969,3727000.0,31.81116485595703
2014-12-09,41.1839714050293,40.51001739501953,40.573768615722656,41.010929107666016,2358000.0,31.953092575073242
2014-12-10,41.35701370239258,40.79235076904297,40.98360824584961,41.220401763916016,3081900.0,32.116294860839844
2014-12-11,41.53005599975586,41.12932586669922,41.366119384765625,41.256832122802734,2502800.0,32.144676208496094
2014-12-12,41.958106994628906,41.174861907958984,41.174861907958984,41.3023681640625,3209500.0,32.180152893066406
2014-12-15,41.48451614379883,40.673954010009766,41.329689025878906,40.70127487182617,3132500.0,31.711824417114258
2014-12-16,41.010929107666016,40.482696533203125,40.79235076904297,40.54644775390625,2630900.0,31.5911865234375
2014-12-17,41.29325866699219,40.49180221557617,40.63752365112305,41.156646728515625,3903200.0,32.066619873046875
2014-12-18,41.329689025878906,40.610198974609375,41.329689025878906,40.89253234863281,4327700.0,31.860837936401367
2014-12-19,41.32058334350586,40.82878112792969,41.05646514892578,41.065574645996094,5796600.0,31.99566078186035
2014-12-22,41.62112808227539,40.9744987487793,41.12932586669922,41.5118408203125,4217100.0,32.343360900878906
2014-12-23,41.64845275878906,40.36429977416992,41.54827117919922,40.482696533203125,3781900.0,31.541522979736328
2014-12-24,40.66484451293945,39.936248779296875,40.482696533203125,40.07286071777344,1863400.0,31.222198486328125
2014-12-26,40.437156677246094,40.081966400146484,40.17304229736328,40.31875991821289,1681300.0,31.413787841796875
2014-12-29,40.74681091308594,40.33697509765625,40.33697509765625,40.60109329223633,2346400.0,31.633766174316406
2014-12-30,40.91074752807617,40.39162063598633,40.61930847167969,40.70127487182617,1685900.0,31.711824417114258
2014-12-31,41.14754104614258,40.03643035888672,40.89253234863281,40.100181579589844,2157000.0,31.243488311767578
2015-01-02,41.07468032836914,40.21857833862305,40.3278694152832,40.84699630737305,2204400.0,31.825353622436523
2015-01-05,41.37522888183594,40.591983795166016,40.60109329223633,41.256832122802734,3947000.0,32.144676208496094
2015-01-06,42.285972595214844,41.43898010253906,41.46630096435547,42.04007339477539,5033400.0,32.75492477416992
2015-01-07,43.09653854370117,41.98542785644531,42.25865173339844,42.9326057434082,3902200.0,33.4503288269043
2015-01-08,43.41530227661133,42.13114929199219,43.105648040771484,42.35883331298828,5943300.0,33.00328063964844
2015-01-09,42.73223876953125,41.8397102355957,42.40437316894531,42.40437316894531,3443200.0,33.03876876831055
2015-01-12,43.196720123291016,42.4863395690918,42.57741165161133,43.07832336425781,2659100.0,33.563865661621094
2015-01-13,43.47905349731445,42.841529846191406,43.20582962036133,42.99635696411133,2970600.0,33.5
2015-01-14,43.53369903564453,42.59562683105469,42.75956344604492,43.47905349731445,3607300.0,33.8760871887207
2015-01-15,44.07103729248047,43.1602897644043,43.53369903564453,43.86156463623047,3791900.0,34.17411804199219
2015-01-16,44.198543548583984,43.54280471801758,43.89799499511719,43.9071044921875,3457400.0,34.209598541259766
2015-01-20,45.18214797973633,43.67941665649414,45.13661193847656,43.87067413330078,4406200.0,34.18121337890625
2015-01-21,43.761383056640625,42.90528106689453,43.761383056640625,43.24225997924805,4241400.0,33.691593170166016
2015-01-22,43.825138092041016,43.11475372314453,43.4881591796875,43.743167877197266,4044300.0,34.08187484741211
2015-01-23,44.1165771484375,43.6065559387207,43.9071044921875,43.85245895385742,3535100.0,34.16701889038086
2015-01-26,43.85245895385742,43.31511688232422,43.633880615234375,43.797813415527344,2689000.0,34.124454498291016
2015-01-27,43.94353485107422,43.588340759277344,43.64298629760742,43.67941665649414,2004700.0,34.032196044921875
2015-01-28,44.27140426635742,43.5792350769043,43.825138092041016,43.6065559387207,3041800.0,33.97543716430664
2015-01-29,43.91621017456055,43.39708709716797,43.68852615356445,43.670310974121094,2855800.0,34.025108337402344
2015-01-30,43.97996520996094,43.005462646484375,43.87977981567383,43.069217681884766,6476800.0,33.55677032470703
2015-02-02,43.06010818481445,42.03096389770508,43.041893005371094,42.96903610229492,3156900.0,33.47871780395508
2015-02-03,43.07832336425781,42.14936065673828,42.94171142578125,42.632057189941406,3162600.0,33.21615982055664
2015-02-04,42.38615798950195,41.256832122802734,42.367942810058594,41.31147384643555,5656200.0,32.187252044677734
2015-02-05,41.193077087402344,40.52823257446289,40.94717788696289,41.16575622558594,3701100.0,32.518455505371094
2015-02-06,41.24772262573242,39.726776123046875,41.24772262573242,39.9089241027832,4581100.0,31.525630950927734
2015-02-09,40.20036315917969,39.71766662597656,39.9089241027832,39.744991302490234,2865800.0,31.396137237548828
2015-02-10,39.25318908691406,37.841529846191406,39.17121887207031,38.87067413330078,8771700.0,30.70548439025879
2015-02-11,39.41712188720703,38.52458953857422,39.05282211303711,38.7887077331543,3866900.0,30.640729904174805
2015-02-12,39.1165771484375,38.633880615234375,38.85245895385742,38.86156463623047,3221500.0,30.698291778564453
2015-02-13,39.07103729248047,38.51548385620117,38.89799499511719,39.04371643066406,3287800.0,30.84217643737793
2015-02-17,39.69945526123047,38.92531967163086,39.198543548583984,39.143898010253906,3404700.0,30.921314239501953
2015-02-18,39.66302490234375,38.779598236083984,39.216758728027344,39.66302490234375,2825300.0,31.331390380859375
2015-02-19,39.66302490234375,39.03460693359375,39.60837936401367,39.12568283081055,2799200.0,30.90692138671875
2015-02-20,39.66302490234375,39.1165771484375,39.216758728027344,39.5810546875,4602600.0,31.26664161682129
2015-02-23,39.83606719970703,39.389801025390625,39.517303466796875,39.82695770263672,3528600.0,31.460880279541016
2015-02-24,39.48998260498047,38.29690170288086,39.408016204833984,38.39708709716797,5306800.0,30.33137321472168
2015-02-25,38.91621017456055,38.13296890258789,38.86156463623047,38.52458953857422,3373400.0,30.432092666625977
2015-02-26,38.54280471801758,37.9326057434082,38.54280471801758,38.051002502441406,3062600.0,30.0579891204834
2015-02-27,38.6065559387207,37.85063934326172,38.15118408203125,38.5792350769043,2561200.0,30.475263595581055
2015-03-02,39.01639175415039,38.34244155883789,38.615665435791016,38.41530227661133,2861600.0,30.345762252807617
2015-03-03,38.56101989746094,38.051002502441406,38.31511688232422,38.45172882080078,2217700.0,30.374534606933594
2015-03-04,38.615665435791016,37.95082092285156,38.43351364135742,38.051002502441406,1975400.0,30.0579891204834
2015-03-05,38.934425354003906,38.16939926147461,38.22404479980469,38.196720123291016,3103600.0,30.173099517822266
2015-03-06,37.62295150756836,36.593807220458984,37.62295150756836,36.739524841308594,4254600.0,29.022003173828125
2015-03-09,37.20400619506836,36.803279876708984,36.92167663574219,37.01274871826172,2320500.0,29.237834930419922
2015-03-10,37.313297271728516,36.88524627685547,37.19490051269531,37.00364303588867,2193100.0,29.230640411376953
2015-03-11,37.05828857421875,36.32058334350586,37.00364303588867,36.411659240722656,5674900.0,28.763010025024414
2015-03-12,36.948997497558594,36.54827117919922,36.65755844116211,36.73041915893555,14000700.0,29.014812469482422
2015-03-13,36.84881591796875,36.49362564086914,36.73041915893555,36.60291290283203,3242200.0,28.914085388183594
2015-03-16,37.313297271728516,36.748634338378906,36.748634338378906,36.93989181518555,3847600.0,29.180278778076172
2015-03-17,37.38615798950195,36.68488311767578,36.93989181518555,37.11293411254883,2991600.0,29.316974639892578
2015-03-18,38.051002502441406,36.88524627685547,37.140254974365234,37.94171142578125,4170300.0,29.971656799316406
2015-03-19,38.22404479980469,37.559200286865234,37.80509948730469,37.559200286865234,2740800.0,29.669492721557617
2015-03-20,38.70674133300781,37.37704849243164,37.495445251464844,38.652095794677734,4874700.0,30.532819747924805
2015-03-23,39.13479232788086,38.597450256347656,38.70674133300781,38.633880615234375,2631200.0,30.518428802490234
2015-03-24,38.825138092041016,38.29690170288086,38.588340759277344,38.670310974121094,3760100.0,30.54720687866211
2015-03-25,38.9071044921875,37.92349624633789,38.633880615234375,38.07832336425781,3231200.0,30.07956886291504
2015-03-26,38.36065673828125,37.90528106689453,37.98725128173828,38.11475372314453,4148700.0,30.10834312438965
2015-03-27,38.54280471801758,38.087432861328125,38.18761444091797,38.387977600097656,3210500.0,30.32418441772461
2015-03-30,39.9089241027832,38.56101989746094,38.77049255371094,39.899818420410156,5549000.0,31.518449783325195
2015-03-31,40.30054473876953,39.307830810546875,39.98178482055664,39.353370666503906,4580900.0,31.086782455444336
2015-04-01,39.84517288208008,38.970855712890625,39.29872512817383,39.708560943603516,4154500.0,31.367359161376953
2015-04-02,40.33697509765625,39.5810546875,39.68124008178711,40.063751220703125,3635700.0,31.64793586730957
2015-04-06,40.79235076904297,40.16393280029297,40.446266174316406,40.610198974609375,3682400.0,32.079593658447266
2015-04-07,40.692169189453125,40.109291076660156,40.63752365112305,40.28233337402344,3713900.0,31.820602416992188
2015-04-08,40.22768783569336,39.85428237915039,40.0910758972168,40.0,2658000.0,31.59757423400879
2015-04-09,39.94535446166992,38.843353271484375,39.83606719970703,38.9981803894043,2851900.0,30.806203842163086
2015-04-10,39.47176742553711,38.66120147705078,39.27140426635742,38.83424377441406,2433700.0,30.67670440673828
2015-04-13,38.91621017456055,38.597450256347656,38.85245895385742,38.597450256347656,1985400.0,30.489654541015625
2015-04-14,39.10746765136719,38.779598236083984,38.952640533447266,38.88888931274414,1671900.0,30.719863891601562
2015-04-15,39.535518646240234,38.797813415527344,38.88888931274414,39.17121887207031,6032700.0,30.942890167236328
2015-04-16,39.43533706665039,38.797813415527344,38.952640533447266,39.216758728027344,3226700.0,30.97886848449707
2015-04-17,39.6721305847168,39.07103729248047,39.162113189697266,39.36247634887695,3512400.0,31.093971252441406
2015-04-20,39.65391540527344,39.17121887207031,39.371585845947266,39.4626579284668,2898300.0,31.17310905456543
2015-04-21,39.59016418457031,38.806922912597656,39.36247634887695,39.0255012512207,3096100.0,30.827783584594727
2015-04-22,39.0255012512207,38.278690338134766,38.96175003051758,38.424407958984375,4692300.0,30.352951049804688
2015-04-23,38.89799499511719,38.31511688232422,38.424407958984375,38.77049255371094,2525000.0,30.626344680786133
2015-04-24,38.934425354003906,38.55191421508789,38.806922912597656,38.66120147705078,1653700.0,30.54000473022461
2015-04-27,38.96175003051758,38.51548385620117,38.633880615234375,38.62477111816406,2687400.0,30.51123046875
2015-04-28,38.652095794677734,38.260475158691406,38.4881591796875,38.588340759277344,1897900.0,30.482452392578125
2015-04-29,38.36065673828125,37.40437316894531,38.1420783996582,37.59562683105469,3129400.0,29.698270797729492
2015-04-30,37.55009078979492,36.37522888183594,37.3041877746582,36.69398880004883,6386900.0,28.98603057861328
2015-05-01,37.2768669128418,36.612022399902344,36.66666793823242,36.976322174072266,3401100.0,29.209062576293945
2015-05-04,37.295082092285156,36.88524627685547,37.16757583618164,37.11293411254883,3012800.0,29.316974639892578
2015-05-05,37.295082092285156,35.91985321044922,37.122039794921875,36.02003479003906,3483100.0,28.453655242919922
2015-05-06,36.02003479003906,35.3278694152832,36.02003479003906,35.70127487182617,3882200.0,28.201847076416016
2015-05-07,35.9744987487793,35.291439056396484,35.291439056396484,35.73770523071289,3662700.0,28.68457794189453
2015-05-08,37.02185821533203,36.14754104614258,36.24772262573242,36.26593780517578,3513600.0,29.108564376831055
2015-05-11,36.238616943359375,35.51001739501953,35.52823257446289,35.673954010009766,3238100.0,28.63340950012207
2015-05-12,35.8834228515625,35.0910758972168,35.36429977416992,35.74681091308594,3015400.0,28.691884994506836
2015-05-13,36.3023681640625,35.127506256103516,35.98360824584961,35.15482711791992,4714900.0,28.21673583984375
2015-05-14,35.81056594848633,35.40073013305664,35.45537185668945,35.75592041015625,2652800.0,28.699207305908203
2015-05-15,36.593807220458984,35.89253234863281,35.93806838989258,36.24772262573242,5115900.0,29.093935012817383
2015-05-18,36.32058334350586,35.87431716918945,36.010929107666016,36.26593780517578,2093500.0,29.108564376831055
2015-05-19,36.62112808227539,36.029144287109375,36.05646514892578,36.275047302246094,2664400.0,29.115875244140625
2015-05-20,36.575592041015625,36.174861907958984,36.49362564086914,36.22950744628906,1641600.0,29.079315185546875
2015-05-21,36.43898010253906,35.856101989746094,36.31147384643555,36.02003479003906,2358000.0,28.911191940307617
2015-05-22,36.156646728515625,35.58287811279297,35.95628356933594,36.010929107666016,2026300.0,28.903879165649414
2015-05-26,36.05646514892578,35.33697509765625,36.05646514892578,35.628414154052734,3185000.0,28.596858978271484
2015-05-27,36.0018196105957,35.519126892089844,35.70127487182617,35.92896270751953,1818900.0,28.838090896606445
2015-05-28,35.94717788696289,35.42805099487305,35.82878112792969,35.628414154052734,1511800.0,28.596858978271484
2015-05-29,35.783241271972656,35.20036315917969,35.655738830566406,35.26411819458008,4218900.0,28.304458618164062
2015-06-01,35.81056594848633,35.26411819458008,35.42805099487305,35.61930847167969,2763700.0,28.58954620361328
2015-06-02,35.56466293334961,35.15482711791992,35.519126892089844,35.437156677246094,1964400.0,28.443347930908203
2015-06-03,35.40073013305664,34.69945526123047,35.236793518066406,34.82695770263672,2789400.0,27.95357894897461
2015-06-04,35.00910568237305,34.52641296386719,34.83606719970703,34.872493743896484,2711100.0,27.99012565612793
2015-06-05,34.54462814331055,33.86156463623047,34.39890670776367,34.0255012512207,4324900.0,27.310291290283203
2015-06-08,34.2349739074707,33.77049255371094,33.9981803894043,33.934425354003906,3105700.0,27.23719024658203
2015-06-09,34.15300369262695,33.5792350769043,33.934425354003906,33.87067413330078,2754600.0,27.186023712158203
2015-06-10,34.59926986694336,33.83424377441406,33.92531967163086,34.426231384277344,3847000.0,27.631938934326172
2015-06-11,34.744991302490234,34.480873107910156,34.59926986694336,34.65391540527344,2970900.0,27.814685821533203
2015-06-12,34.954463958740234,34.62659454345703,34.64480972290039,34.66302490234375,2824600.0,27.82200050354004
2015-06-15,34.83606719970703,34.18943405151367,34.66302490234375,34.198543548583984,2832700.0,27.449182510375977
2015-06-16,34.47176742553711,34.12568283081055,34.2349739074707,34.39890670776367,3291200.0,27.610004425048828
2015-06-17,34.78142166137695,34.15300369262695,34.38069152832031,34.73588180541992,5564600.0,27.880475997924805
2015-06-18,35.17304229736328,34.64480972290039,34.79052734375,35.0,4642800.0,28.092470169067383
2015-06-19,35.31875991821289,34.13479232788086,35.31875991821289,34.36247634887695,5538900.0,27.580760955810547
2015-06-22,34.6721305847168,34.18943405151367,34.47176742553711,34.216758728027344,2711200.0,27.463804244995117
2015-06-23,34.480873107910156,33.89799499511719,34.28050994873047,33.970855712890625,2268200.0,27.266429901123047
2015-06-24,34.08925247192383,33.54280471801758,33.970855712890625,33.54280471801758,3788200.0,26.9228572845459
2015-06-25,33.64298629760742,33.07832336425781,33.56101989746094,33.09653854370117,3708800.0,26.564666748046875
2015-06-26,33.67941665649414,32.96903610229492,33.123863220214844,33.597450256347656,2696500.0,26.96672248840332
2015-06-29,34.007286071777344,33.442623138427734,33.57012939453125,33.460838317871094,3803800.0,26.857072830200195
2015-06-30,33.71584701538086,33.123863220214844,33.6065559387207,33.214935302734375,4128900.0,26.65970230102539
2015-07-01,33.68852615356445,33.09653854370117,33.35154724121094,33.62477111816406,3065700.0,26.988651275634766
2015-07-02,34.15300369262695,33.54280471801758,33.87977981567383,33.67941665649414,2449600.0,27.032512664794922
2015-07-06,33.88888931274414,33.46994400024414,33.46994400024414,33.825138092041016,2886900.0,27.149473190307617
2015-07-07,34.68124008178711,33.97996520996094,33.97996520996094,34.562843322753906,3071900.0,27.7415828704834
2015-07-08,34.726776123046875,34.289615631103516,34.289615631103516,34.48998260498047,2729300.0,27.683109283447266
2015-07-09,34.80874252319336,34.26229476928711,34.73588180541992,34.28050994873047,2134300.0,27.51497459411621
2015-07-10,34.77231216430664,34.20764923095703,34.499088287353516,34.41712188720703,2224600.0,27.62462615966797
2015-07-13,34.83606719970703,34.27140426635742,34.73588180541992,34.553733825683594,2286700.0,27.73427391052246
2015-07-14,34.60837936401367,34.31694030761719,34.535518646240234,34.43533706665039,1692200.0,27.639244079589844
2015-07-15,34.5810546875,34.007286071777344,34.371585845947266,34.10746765136719,4568200.0,27.376079559326172
2015-07-16,34.50819778442383,34.20764923095703,34.28050994873047,34.426231384277344,2454700.0,27.631938934326172
2015-07-17,34.45355224609375,34.0255012512207,34.36247634887695,34.15300369262695,1959600.0,27.412630081176758
2015-07-20,34.389801025390625,33.94353485107422,34.1165771484375,34.36247634887695,1861200.0,27.580760955810547
2015-07-21,34.4626579284668,34.162113189697266,34.307830810546875,34.18943405151367,2429100.0,27.44187355041504
2015-07-22,34.62659454345703,34.18943405151367,34.18943405151367,34.57194900512695,2634300.0,27.74889373779297
2015-07-23,34.562843322753906,34.12568283081055,34.562843322753906,34.36247634887695,2498000.0,27.580760955810547
2015-07-24,34.84517288208008,34.20764923095703,34.20764923095703,34.62659454345703,2427200.0,27.792749404907227
2015-07-27,35.14571762084961,34.71766662597656,34.71766662597656,34.899818420410156,2870200.0,28.012056350708008
2015-07-28,35.26411819458008,34.83606719970703,34.98178482055664,35.19125747680664,3909500.0,28.245973587036133
2015-07-29,35.437156677246094,34.890708923339844,35.13661193847656,35.30054473876953,2443000.0,28.333696365356445
2015-07-30,35.34608459472656,34.61748504638672,35.21857833862305,34.83606719970703,2517400.0,27.960887908935547
2015-07-31,35.51001739501953,35.063751220703125,35.1183967590332,35.19125747680664,4792200.0,28.245973587036133
2015-08-03,35.500911712646484,35.109291076660156,35.14571762084961,35.39162063598633,2116100.0,28.406797409057617
2015-08-04,35.79235076904297,35.127506256103516,35.39162063598633,35.39162063598633,2714400.0,28.406797409057617
2015-08-05,35.482696533203125,34.96356964111328,35.45537185668945,35.13661193847656,3247500.0,28.202117919921875
2015-08-06,34.744991302490234,33.952640533447266,34.57194900512695,34.562843322753906,3117400.0,28.194961547851562
2015-08-07,34.86338806152344,34.27140426635742,34.517303466796875,34.63570022583008,3133500.0,28.254398345947266
2015-08-10,34.9089241027832,34.31694030761719,34.79963684082031,34.45355224609375,2776400.0,28.10580825805664
2015-08-11,34.80874252319336,34.426231384277344,34.426231384277344,34.64480972290039,7796800.0,28.26182746887207
2015-08-12,36.08378982543945,34.517303466796875,34.562843322753906,36.05646514892578,12161700.0,29.413400650024414
2015-08-13,36.26593780517578,35.446266174316406,35.98360824584961,36.156646728515625,4487400.0,29.49512481689453
2015-08-14,36.612022399902344,35.87431716918945,36.12022018432617,36.58469772338867,3634500.0,29.84430694580078
2015-08-17,37.09471893310547,36.411659240722656,36.53005599975586,37.085609436035156,4234200.0,30.252931594848633
2015-08-18,37.05828857421875,36.785064697265625,36.912567138671875,37.02185821533203,3754100.0,30.200923919677734
2015-08-19,37.24954605102539,36.58469772338867,36.77595520019531,37.0673942565918,4633100.0,30.238075256347656
2015-08-20,37.122039794921875,36.65755844116211,36.90346145629883,36.894351959228516,3497400.0,30.09691047668457
2015-08-21,37.103824615478516,36.366119384765625,36.75774002075195,36.366119384765625,5000600.0,29.666006088256836
2015-08-24,35.591983795166016,34.180328369140625,34.899818420410156,34.96356964111328,8624800.0,28.521862030029297
2015-08-25,35.500911712646484,33.47905349731445,35.47358703613281,33.51548385620117,6149000.0,27.340566635131836
2015-08-26,34.22586441040039,33.47905349731445,33.970855712890625,34.162113189697266,5949400.0,27.868066787719727
2015-08-27,34.872493743896484,33.952640533447266,34.43533706665039,34.553733825683594,5865700.0,28.187530517578125
2015-08-28,34.57194900512695,34.08925247192383,34.553733825683594,34.33515548706055,3590100.0,28.00922393798828
2015-08-31,34.29872512817383,33.743167877197266,34.27140426635742,33.75227737426758,4830300.0,27.53373908996582
2015-09-01,33.67941665649414,33.069217681884766,33.39708709716797,33.36065673828125,4432000.0,27.214269638061523
2015-09-02,33.71584701538086,33.13296890258789,33.70674133300781,33.45172882080078,2493200.0,27.28856086730957
2015-09-03,33.66120147705078,33.1602897644043,33.62477111816406,33.31511688232422,2347900.0,27.17711639404297
2015-09-04,33.13296890258789,32.21311569213867,33.041893005371094,32.495445251464844,3418700.0,26.508466720581055
2015-09-08,33.34244155883789,32.714027404785156,32.79599380493164,33.278690338134766,3266200.0,27.147409439086914
2015-09-09,33.615665435791016,32.73223876953125,33.442623138427734,32.814208984375,2611800.0,26.768497467041016
2015-09-10,33.041893005371094,32.495445251464844,32.75045394897461,32.650272369384766,2523600.0,26.634765625
2015-09-11,33.087432861328125,32.5136604309082,32.650272369384766,32.86885070800781,3406500.0,26.813074111938477
2015-09-14,33.18761444091797,32.92349624633789,32.96903610229492,33.178504943847656,2774700.0,27.065677642822266
2015-09-15,33.75227737426758,33.041893005371094,33.233150482177734,33.70674133300781,2204400.0,27.49658966064453
2015-09-16,34.371585845947266,33.615665435791016,33.670310974121094,34.31694030761719,2584100.0,27.994373321533203
2015-09-17,35.58287811279297,34.13479232788086,34.25318908691406,34.954463958740234,3568800.0,28.514427185058594
2015-09-18,36.010929107666016,34.426231384277344,34.47176742553711,35.15482711791992,5228900.0,28.677879333496094
2015-09-21,35.40073013305664,34.708560943603516,34.744991302490234,35.20036315917969,3348400.0,28.71502685546875
2015-09-22,35.20036315917969,34.78142166137695,34.79963684082031,34.8816032409668,2994200.0,28.454992294311523
2015-09-23,35.28233337402344,34.83606719970703,34.899818420410156,35.1183967590332,2260300.0,28.648160934448242
2015-09-24,35.38251495361328,34.8816032409668,34.8816032409668,34.98178482055664,2748500.0,28.536718368530273
2015-09-25,35.22768783569336,34.79052734375,35.18214797973633,34.972679138183594,2858600.0,28.5292911529541
2015-09-28,34.85428237915039,33.196720123291016,34.708560943603516,33.53369903564453,5349900.0,27.35542869567871
2015-09-29,34.07103729248047,33.424407958984375,33.54280471801758,33.97996520996094,2673200.0,27.7194766998291
2015-09-30,34.39890670776367,33.761383056640625,34.216758728027344,33.92531967163086,2800700.0,27.674896240234375
2015-10-01,34.22586441040039,33.652095794677734,34.07103729248047,33.96175003051758,2713000.0,27.70461654663086
2015-10-02,34.198543548583984,33.6065559387207,33.67941665649414,34.198543548583984,2765800.0,27.897781372070312
2015-10-05,35.045536041259766,34.31694030761719,34.480873107910156,35.01821517944336,2456100.0,28.566438674926758
2015-10-06,35.22768783569336,34.872493743896484,34.99089431762695,35.109291076660156,2104000.0,28.640735626220703
2015-10-07,35.39162063598633,34.99089431762695,35.07286071777344,35.38251495361328,2605000.0,28.863618850708008
2015-10-08,35.82878112792969,35.18214797973633,35.37340545654297,35.79235076904297,3212300.0,29.197948455810547
2015-10-09,35.81056594848633,35.52823257446289,35.77413558959961,35.61930847167969,2722400.0,29.05678367614746
2015-10-12,35.9744987487793,35.61930847167969,35.72859573364258,35.710384368896484,2822500.0,29.13108253479004
2015-10-13,35.710384368896484,35.255008697509766,35.519126892089844,35.4189453125,2099200.0,28.89333152770996
2015-10-14,35.437156677246094,34.71766662597656,35.34608459472656,34.85428237915039,2422400.0,28.43270492553711
2015-10-15,35.14571762084961,34.69945526123047,34.80874252319336,35.0910758972168,3066200.0,28.62587547302246
2015-10-16,35.54644775390625,35.109291076660156,35.16393280029297,35.51001739501953,3783700.0,28.96763038635254
2015-10-19,35.819671630859375,35.49180221557617,35.500911712646484,35.801456451416016,3484000.0,29.20537567138672
2015-10-20,35.86520767211914,35.464481353759766,35.66484451293945,35.692169189453125,3076000.0,29.11622428894043
2015-10-21,36.02003479003906,35.692169189453125,35.856101989746094,35.8834228515625,2361400.0,29.272241592407227
2015-10-22,36.275047302246094,35.655738830566406,35.92896270751953,36.220401763916016,3254000.0,29.54713249206543
2015-10-23,36.0928955078125,35.0,36.0928955078125,35.19125747680664,3795000.0,28.70759391784668
2015-10-26,35.236793518066406,34.690345764160156,35.19125747680664,35.1183967590332,2668900.0,28.648160934448242
2015-10-27,35.236793518066406,34.79052734375,35.063751220703125,35.0910758972168,2652800.0,28.62587547302246
2015-10-28,35.273223876953125,34.31694030761719,35.1183967590332,34.6721305847168,3582700.0,28.284114837646484
2015-10-29,34.86338806152344,34.26229476928711,34.535518646240234,34.82695770263672,3314700.0,28.41042137145996
2015-10-30,34.918033599853516,33.825138092041016,34.763206481933594,33.87977981567383,5695300.0,27.63775062561035
2015-11-02,34.38069152832031,33.633880615234375,33.85245895385742,34.344261169433594,4924700.0,28.016651153564453
2015-11-03,34.216758728027344,33.29690170288086,34.198543548583984,33.45172882080078,4431200.0,27.28856086730957
2015-11-04,33.46994400024414,32.78688430786133,33.424407958984375,32.896175384521484,4566600.0,26.83536148071289
2015-11-05,32.64116668701172,32.122039794921875,32.367942810058594,32.61384201049805,4750800.0,27.069984436035156
2015-11-06,32.19490051269531,30.692167282104492,32.140254974365234,30.938068389892578,7167600.0,25.67906379699707
2015-11-09,30.938068389892578,29.936246871948242,30.837886810302734,30.109289169311523,5199500.0,24.991167068481445
2015-11-10,30.54644775390625,29.98178482055664,30.118396759033203,30.20036506652832,4188900.0,25.06675910949707
2015-11-11,30.446266174316406,30.01821517944336,30.355192184448242,30.127504348754883,3152000.0,25.00628089904785
2015-11-12,30.391620635986328,30.0,30.109289169311523,30.17304229736328,4005000.0,25.044084548950195
2015-11-13,30.628416061401367,29.79052734375,30.255008697509766,29.82695770263672,3003100.0,24.756826400756836
2015-11-16,30.491804122924805,29.8360652923584,29.8360652923584,30.482696533203125,3096000.0,25.301097869873047
2015-11-17,30.54644775390625,30.236793518066406,30.37340545654297,30.428050994873047,3101100.0,25.255739212036133
2015-11-18,31.065574645996094,30.346084594726562,30.58287811279297,31.065574645996094,3600600.0,25.78489875793457
2015-11-19,31.748634338378906,31.07468032836914,31.247722625732422,31.548269271850586,3439100.0,26.1855411529541
2015-11-20,31.948997497558594,31.539161682128906,31.65755844116211,31.83970832824707,2996700.0,26.42743682861328
2015-11-23,32.34061813354492,31.85792350769043,31.85792350769043,32.19490051269531,3473400.0,26.72225570678711
2015-11-24,32.20400619506836,31.785064697265625,32.02185821533203,32.158470153808594,2903800.0,26.692018508911133
2015-11-25,32.41347885131836,32.09471893310547,32.158470153808594,32.285972595214844,2501000.0,26.7978458404541
2015-11-27,32.75045394897461,32.23133087158203,32.23133087158203,32.55009078979492,1356000.0,27.017065048217773
2015-11-30,32.98725128173828,32.24043655395508,32.62295150756836,32.35883331298828,8308400.0,26.858318328857422
2015-12-01,33.06010818481445,32.504554748535156,32.58652114868164,32.90528106689453,4292600.0,27.311880111694336
2015-12-02,33.07832336425781,32.295082092285156,32.75045394897461,32.35883331298828,4626900.0,26.858318328857422
2015-12-03,32.40437316894531,31.83970832824707,32.295082092285156,31.958105087280273,7317500.0,26.525707244873047
2015-12-04,32.76866912841797,32.05828857421875,32.185791015625,32.58652114868164,4525200.0,27.047304153442383
2015-12-07,32.96903610229492,32.34061813354492,32.5136604309082,32.914390563964844,4075800.0,27.319442749023438
2015-12-08,33.35154724121094,32.78688430786133,32.80509948730469,33.041893005371094,3718300.0,27.42527198791504
2015-12-09,33.233150482177734,32.477230072021484,32.80509948730469,32.74134826660156,3387600.0,27.175813674926758
2015-12-10,32.841529846191406,32.04007339477539,32.76866912841797,32.05828857421875,3845900.0,26.608861923217773
2015-12-11,32.46812438964844,31.82149314880371,31.83060073852539,32.41347885131836,3707900.0,26.903676986694336
2015-12-14,32.7231330871582,32.140254974365234,32.295082092285156,32.67759704589844,4417400.0,27.122900009155273
2015-12-15,33.214935302734375,32.83242416381836,32.86885070800781,33.01457214355469,4762700.0,27.40259552001953
2015-12-16,33.87977981567383,33.023677825927734,33.15118408203125,33.83424377441406,5424300.0,28.08293342590332
2015-12-17,34.216758728027344,33.49726867675781,33.87067413330078,33.91621017456055,5337000.0,28.150968551635742
2015-12-18,33.91621017456055,33.041893005371094,33.7887077331543,33.041893005371094,7869500.0,27.42527198791504
2015-12-21,33.56101989746094,33.15118408203125,33.37887191772461,33.47905349731445,2651200.0,27.78812026977539
2015-12-22,34.1165771484375,33.4881591796875,33.588340759277344,33.73406219482422,2639000.0,27.999780654907227
2015-12-23,34.371585845947266,33.77049255371094,33.77049255371094,34.353370666503906,2132400.0,28.51382064819336
2015-12-24,34.5810546875,34.24407958984375,34.371585845947266,34.44444274902344,930900.0,28.58940887451172
2015-12-28,34.85428237915039,34.198543548583984,34.371585845947266,34.79963684082031,2235900.0,28.884227752685547
2015-12-29,35.31875991821289,34.80874252319336,34.86338806152344,35.16393280029297,2836400.0,29.186594009399414
2015-12-30,35.437156677246094,35.07286071777344,35.19125747680664,35.20036315917969,1772500.0,29.216835021972656
2015-12-31,35.35519027709961,34.82695770263672,35.236793518066406,34.82695770263672,2852700.0,28.906904220581055
2016-01-04,34.84517288208008,34.03460693359375,34.24407958984375,34.81785202026367,3628300.0,28.89933967590332
2016-01-05,35.74681091308594,34.79963684082031,34.84517288208008,35.573768615722656,2850200.0,29.52676773071289
2016-01-06,35.0910758972168,33.87067413330078,34.73588180541992,34.143898010253906,11658300.0,28.339948654174805
2016-01-07,33.934425354003906,33.07832336425781,33.51548385620117,33.233150482177734,9349900.0,27.584016799926758
2016-01-08,33.6976318359375,33.07832336425781,33.33333206176758,33.1420783996582,3540000.0,27.5084228515625
2016-01-11,33.87067413330078,33.34244155883789,33.37887191772461,33.66120147705078,4265300.0,27.939308166503906
2016-01-12,33.6976318359375,33.051002502441406,33.442623138427734,33.56101989746094,4847200.0,27.856155395507812
2016-01-13,33.96175003051758,32.92349624633789,33.6065559387207,32.96903610229492,3610600.0,27.364795684814453
2016-01-14,33.196720123291016,32.67759704589844,33.041893005371094,32.75045394897461,3944600.0,27.18337059020996
2016-01-15,33.07832336425781,31.994535446166992,32.395263671875,33.005462646484375,3499900.0,27.395030975341797
2016-01-19,33.66120147705078,33.13296890258789,33.178504943847656,33.29690170288086,3391600.0,27.636932373046875
2016-01-20,33.28779602050781,31.457195281982422,33.06010818481445,31.84881591796875,5195600.0,26.435001373291016
2016-01-21,33.005462646484375,31.748634338378906,32.3041877746582,32.44990921020508,3378800.0,26.933914184570312
2016-01-22,33.88888931274414,32.814208984375,32.86885070800781,33.66120147705078,3113900.0,27.939308166503906
2016-01-25,33.83424377441406,33.11475372314453,33.66120147705078,33.3697624206543,3345900.0,27.697404861450195
2016-01-26,34.01639175415039,33.29690170288086,33.424407958984375,33.743167877197266,4419700.0,28.00733757019043
2016-01-27,33.670310974121094,31.612022399902344,33.52458953857422,32.0673942565918,5969400.0,26.616422653198242
2016-01-28,32.349727630615234,31.794170379638672,32.23133087158203,31.87613868713379,3857900.0,26.457677841186523
2016-01-29,33.07832336425781,31.903461456298828,32.44990921020508,32.73223876953125,5754000.0,27.168256759643555
2016-02-01,33.30601119995117,32.25865173339844,32.59562683105469,32.99635696411133,3231700.0,27.387474060058594
2016-02-02,32.90528106689453,32.17668533325195,32.668487548828125,32.64116668701172,3131500.0,27.092660903930664
2016-02-03,33.57012939453125,32.73223876953125,32.896175384521484,33.3697624206543,4390800.0,27.697404861450195
2016-02-04,33.105648040771484,32.22222137451172,33.005462646484375,32.62295150756836,2974200.0,27.55230140686035
2016-02-05,32.686702728271484,32.07650375366211,32.495445251464844,32.42258834838867,3693900.0,27.38307762145996
2016-02-08,32.477230072021484,30.03643035888672,32.313297271728516,30.956283569335938,6381400.0,26.144683837890625
2016-02-09,29.28961753845215,24.918033599853516,29.28050994873047,25.801456451416016,14369600.0,21.79108428955078
2016-02-10,25.892532348632812,24.189435958862305,25.810564041137695,24.781421661376953,12259000.0,20.929595947265625
2016-02-11,23.989070892333984,22.868852615356445,23.451730728149414,23.797813415527344,12069100.0,20.098873138427734
2016-02-12,24.326047897338867,23.70673942565918,24.134790420532227,23.91621208190918,5994400.0,20.19886589050293
2016-02-16,24.744991302490234,23.72495460510254,24.207651138305664,24.517303466796875,9752400.0,20.70652961730957
2016-02-17,25.346084594726562,24.590164184570312,24.599271774291992,24.927141189575195,4727600.0,21.052661895751953
2016-02-18,25.810564041137695,24.763206481933594,25.01821517944336,25.57377052307129,4766400.0,21.598787307739258
2016-02-19,26.001821517944336,25.218578338623047,25.409835815429688,25.865209579467773,4259000.0,21.844926834106445
2016-02-22,26.630237579345703,26.1384334564209,26.202186584472656,26.384334564208984,3759800.0,22.283361434936523
2016-02-23,26.411657333374023,25.71949005126953,26.29326057434082,26.010929107666016,4053000.0,21.967998504638672
2016-02-24,26.47541046142578,25.54644775390625,25.938068389892578,26.31147575378418,4214300.0,22.221830368041992
2016-02-25,27.04007339477539,26.220399856567383,26.3023681640625,27.01275062561035,4505300.0,22.814105987548828
2016-02-26,27.650272369384766,26.976320266723633,27.02185821533203,27.2313289642334,4264800.0,22.998708724975586
2016-02-29,27.63205909729004,26.86703109741211,27.258651733398438,26.939889907836914,4770200.0,22.75257110595703
2016-03-01,28.005464553833008,27.131147384643555,27.167577743530273,27.996356964111328,2961700.0,23.644826889038086
2016-03-02,28.233150482177734,27.786884307861328,27.887067794799805,28.214935302734375,4005000.0,23.829429626464844
2016-03-03,28.615665435791016,28.10564613342285,28.269580841064453,28.579235076904297,2470600.0,24.13710594177246
2016-03-04,29.016393661499023,28.33333396911621,28.633880615234375,28.68852424621582,4804600.0,24.229408264160156
2016-03-07,29.608379364013672,28.406192779541016,28.597450256347656,29.571949005126953,4475400.0,24.975522994995117
2016-03-08,29.571949005126953,28.961748123168945,29.571949005126953,29.21675682067871,4188000.0,24.675537109375
2016-03-09,29.663022994995117,29.23497200012207,29.25318717956543,29.41712188720703,2621800.0,24.84476089477539
2016-03-10,29.48087501525879,28.5336971282959,29.46265983581543,28.87978172302246,3652900.0,24.390941619873047
2016-03-11,29.772314071655273,29.153005599975586,29.24407958984375,29.754098892211914,3233700.0,25.129362106323242
2016-03-14,29.744991302490234,29.316940307617188,29.61748695373535,29.717668533325195,3340000.0,25.098590850830078
2016-03-15,29.49909019470215,28.642986297607422,29.46265983581543,29.28050994873047,2251400.0,24.729381561279297
2016-03-16,29.44444465637207,28.542804718017578,28.952640533447266,29.380691528320312,4091700.0,24.813989639282227
2016-03-17,30.063753128051758,29.24407958984375,29.40801429748535,29.99089241027832,4343800.0,25.329347610473633
2016-03-18,30.355192184448242,29.908926010131836,30.02732276916504,30.20036506652832,6379600.0,25.506261825561523
2016-03-21,30.227685928344727,29.40801429748535,30.136611938476562,29.535518646240234,3271200.0,24.944753646850586
2016-03-22,29.41712188720703,28.87978172302246,29.371583938598633,29.307832717895508,4053200.0,24.752456665039062
2016-03-23,29.362476348876953,28.67030906677246,29.307832717895508,28.806921005249023,4144300.0,24.329404830932617
2016-03-24,28.961748123168945,28.19672203063965,28.633880615234375,28.8615665435791,3161300.0,24.375553131103516
2016-03-28,29.517303466796875,28.579235076904297,28.91621208190918,29.307832717895508,3600800.0,24.752456665039062
2016-03-29,30.0455379486084,28.67941665649414,29.143898010253906,30.0,4768100.0,25.337039947509766
2016-03-30,30.255008697509766,29.517303466796875,30.054645538330078,29.544626235961914,3172000.0,24.952444076538086
2016-03-31,30.00910758972168,29.016393661499023,29.590164184570312,29.672130584716797,5285500.0,25.060129165649414
2016-04-01,29.717668533325195,29.061931610107422,29.581056594848633,29.699453353881836,4323100.0,25.083209991455078
2016-04-04,30.264116287231445,29.726776123046875,29.845172882080078,30.02732276916504,2667900.0,25.3601131439209
2016-04-05,30.145719528198242,29.717668533325195,29.872495651245117,30.127504348754883,2462500.0,25.444725036621094
2016-04-06,30.75592041015625,30.136611938476562,30.154827117919922,30.664844512939453,4124700.0,25.898544311523438
2016-04-07,31.065574645996094,30.300546646118164,30.646629333496094,31.001821517944336,4308300.0,26.183147430419922
2016-04-08,31.84881591796875,31.12932586669922,31.12932586669922,31.557376861572266,4447100.0,26.65235137939453
2016-04-11,31.87613868713379,31.429872512817383,31.68488121032715,31.584699630737305,2485200.0,26.67542839050293
2016-04-12,32.11293411254883,31.612022399902344,31.68488121032715,31.85792350769043,3029400.0,26.90618324279785
2016-04-13,32.103824615478516,31.730419158935547,31.985427856445312,31.967212677001953,2544000.0,26.99848747253418
2016-04-14,32.04917907714844,31.86703109741211,31.958105087280273,31.921676635742188,2689900.0,26.96002769470215
2016-04-15,32.02185821533203,31.612022399902344,31.903461456298828,31.81238555908203,3468600.0,26.867721557617188
2016-04-18,32.00364303588867,31.575592041015625,31.775957107543945,31.994535446166992,2877600.0,27.021560668945312
2016-04-19,32.604736328125,31.976320266723633,32.07650375366211,32.09471893310547,3332900.0,27.106176376342773
2016-04-20,32.20400619506836,31.12932586669922,32.16757583618164,31.156648635864258,5422600.0,26.31390953063965
2016-04-21,31.183971405029297,29.890710830688477,31.183971405029297,30.091073989868164,5553000.0,25.413955688476562
2016-04-22,31.010929107666016,30.109289169311523,30.19125747680664,30.74681282043457,4425400.0,25.967777252197266
2016-04-25,30.974498748779297,30.55555534362793,30.72859764099121,30.974498748779297,2805600.0,26.160072326660156
2016-04-26,31.67577362060547,31.047359466552734,31.0928955078125,31.420764923095703,3629800.0,26.536968231201172
2016-04-27,31.520946502685547,30.819671630859375,31.457195281982422,31.174863815307617,3515900.0,26.329288482666016
2016-04-28,31.056467056274414,30.71038246154785,30.974498748779297,30.883424758911133,3218300.0,26.083152770996094
2016-04-29,30.856101989746094,30.20036506652832,30.701274871826172,30.810564041137695,9443500.0,26.021617889404297
2016-05-02,31.402549743652344,30.965391159057617,31.056467056274414,31.28415298461914,3392000.0,26.421594619750977
2016-05-03,31.739526748657227,31.047359466552734,31.238615036010742,31.730419158935547,3457600.0,26.79849624633789
2016-05-04,32.64116668701172,31.520946502685547,31.539161682128906,32.21311569213867,5580000.0,27.206167221069336
2016-05-05,31.748634338378906,31.047359466552734,31.68488121032715,31.165756225585938,4634300.0,26.79997444152832
2016-05-06,31.602914810180664,30.892532348632812,31.07468032836914,31.4663028717041,3935900.0,27.058422088623047
2016-05-09,33.6065559387207,32.61384201049805,32.74134826660156,32.77777862548828,13376300.0,28.186182022094727
2016-05-10,33.1420783996582,31.038251876831055,32.99635696411133,31.612022399902344,10196800.0,27.183731079101562
2016-05-11,31.557376861572266,30.336977005004883,31.31147575378418,31.056467056274414,6871700.0,26.705997467041016
2016-05-12,31.402549743652344,30.71038246154785,31.047359466552734,31.183971405029297,3333900.0,26.815637588500977
2016-05-13,31.211294174194336,30.865209579467773,31.07468032836914,31.147541046142578,2607300.0,26.784311294555664
2016-05-16,31.593807220458984,31.010929107666016,31.07468032836914,31.29326057434082,3265400.0,26.909618377685547
2016-05-17,31.3023681640625,30.428050994873047,31.202186584472656,30.58287811279297,3157000.0,26.298748016357422
2016-05-18,30.601093292236328,29.316940307617188,30.54644775390625,29.62659454345703,4055100.0,25.476425170898438
2016-05-19,29.544626235961914,29.134790420532227,29.344263076782227,29.380691528320312,2583700.0,25.26496696472168
2016-05-20,29.63570213317871,29.22586441040039,29.581056594848633,29.45355224609375,2762600.0,25.327621459960938
2016-05-23,29.763206481933594,29.25318717956543,29.508195877075195,29.562841415405273,2457300.0,25.421600341796875
2016-05-24,30.054645538330078,29.581056594848633,29.79963493347168,29.653915405273438,3518300.0,25.49991798400879
2016-05-25,29.781421661376953,29.125682830810547,29.690345764160156,29.672130584716797,2959800.0,25.515581130981445
2016-05-26,29.936246871948242,29.562841415405273,29.708560943603516,29.763206481933594,2008300.0,25.59389877319336
2016-05-27,30.227685928344727,29.772314071655273,29.772314071655273,30.091073989868164,2098100.0,25.875837326049805
2016-05-31,30.145719528198242,29.708560943603516,30.091073989868164,29.936246871948242,8894100.0,25.742698669433594
2016-06-01,30.18214988708496,29.79052734375,29.845172882080078,30.154827117919922,2860200.0,25.930662155151367
2016-06-02,30.409835815429688,29.908926010131836,30.081966400146484,30.391620635986328,1934000.0,26.1342830657959
2016-06-03,30.965391159057617,30.38251304626465,30.52823257446289,30.57377052307129,2720100.0,26.29092025756836
2016-06-06,30.73770523071289,30.109289169311523,30.601093292236328,30.437158584594727,2501700.0,26.173444747924805
2016-06-07,31.12021827697754,30.455373764038086,30.455373764038086,31.020036697387695,2896800.0,26.67466926574707
2016-06-08,31.32058334350586,30.74681282043457,30.965391159057617,31.3023681640625,2400200.0,26.917448043823242
2016-06-09,31.429872512817383,31.029144287109375,31.27504539489746,31.402549743652344,2013800.0,27.003597259521484
2016-06-10,31.420764923095703,31.10200309753418,31.220399856567383,31.357013702392578,2188700.0,26.964445114135742
2016-06-13,31.85792350769043,31.357013702392578,31.357013702392578,31.502731323242188,2432500.0,27.089744567871094
2016-06-14,31.593807220458984,31.247722625732422,31.47541046142578,31.420764923095703,2630000.0,27.01926040649414
2016-06-15,31.985427856445312,31.429872512817383,31.429872512817383,31.693988800048828,3071800.0,27.254213333129883
2016-06-16,31.85792350769043,31.539161682128906,31.602914810180664,31.82149314880371,2730500.0,27.363855361938477
2016-06-17,32.16757583618164,31.66666603088379,31.794170379638672,32.04007339477539,4685900.0,27.551816940307617
2016-06-20,32.26776123046875,31.748634338378906,32.185791015625,31.757741928100586,3916800.0,27.309036254882812
2016-06-21,32.03096389770508,31.67577362060547,31.85792350769043,31.88524627685547,2957900.0,27.418678283691406
2016-06-22,31.32058334350586,30.71949005126953,30.72859764099121,31.010929107666016,5045100.0,26.66683578491211
2016-06-23,31.530054092407227,30.910747528076172,31.202186584472656,31.065574645996094,3734600.0,26.71382713317871
2016-06-24,31.85792350769043,30.437158584594727,30.54644775390625,31.174863815307617,5904700.0,26.807804107666016
2016-06-27,31.2568302154541,30.601093292236328,31.029144287109375,31.12932586669922,4660700.0,26.768648147583008
2016-06-28,31.85792350769043,31.156648635864258,31.357013702392578,31.84881591796875,5379200.0,27.387351989746094
2016-06-29,32.440799713134766,31.85792350769043,31.912569046020508,32.21311569213867,3731100.0,27.70061683654785
2016-06-30,32.40437316894531,31.721311569213867,32.295082092285156,32.22222137451172,3531200.0,27.708450317382812
2016-07-01,32.650272369384766,32.11293411254883,32.313297271728516,32.16757583618164,2349400.0,27.661460876464844
2016-07-05,32.55009078979492,32.0673942565918,32.14936065673828,32.540985107421875,3400000.0,27.982561111450195
2016-07-06,32.57741165161133,31.985427856445312,32.440799713134766,32.35883331298828,2768500.0,27.825923919677734
2016-07-07,32.331512451171875,31.47541046142578,32.25865173339844,31.766849517822266,3476700.0,27.316864013671875
2016-07-08,32.73223876953125,31.86703109741211,32.22222137451172,32.73223876953125,4030100.0,28.147022247314453
2016-07-11,33.387977600097656,32.59562683105469,32.78688430786133,33.278690338134766,4078600.0,28.616926193237305
2016-07-12,33.970855712890625,33.18761444091797,33.32422637939453,33.724952697753906,5675500.0,29.000673294067383
2016-07-13,34.08925247192383,33.36065673828125,33.825138092041016,34.08925247192383,3416800.0,29.313941955566406
2016-07-14,34.007286071777344,33.387977600097656,33.952640533447266,33.652095794677734,2530200.0,28.938024520874023
2016-07-15,34.15300369262695,33.49726867675781,33.670310974121094,34.08925247192383,3757200.0,29.313941955566406
2016-07-18,34.24407958984375,33.85245895385742,34.12568283081055,34.03460693359375,2799500.0,29.266950607299805
2016-07-19,34.763206481933594,33.9981803894043,34.15300369262695,34.726776123046875,2919100.0,29.862157821655273
2016-07-20,34.918033599853516,34.47176742553711,34.68124008178711,34.918033599853516,3472600.0,30.02662467956543
2016-07-21,35.255008697509766,34.690345764160156,34.81785202026367,35.109291076660156,3169100.0,30.19108772277832
2016-07-22,35.519126892089844,34.954463958740234,35.027320861816406,35.42805099487305,2622300.0,30.465198516845703
2016-07-25,35.591983795166016,35.15482711791992,35.42805099487305,35.591983795166016,2804000.0,30.606163024902344
2016-07-26,35.500911712646484,35.17304229736328,35.40983581542969,35.35519027709961,3180800.0,30.402544021606445
2016-07-27,35.39162063598633,34.899818420410156,35.3278694152832,35.21857833862305,2775800.0,30.28506851196289
2016-07-28,35.68305969238281,34.94535446166992,35.236793518066406,35.5373420715332,3320500.0,30.559175491333008
2016-07-29,36.065574645996094,35.55555725097656,35.56466293334961,35.72859573364258,4811100.0,30.7236385345459
2016-08-01,35.95628356933594,35.5373420715332,35.72859573364258,35.92896270751953,2290800.0,30.89594078063965
2016-08-02,35.94717788696289,35.35519027709961,35.82878112792969,35.482696533203125,2464200.0,30.51218605041504
2016-08-03,35.63752365112305,34.972679138183594,35.519126892089844,35.60109329223633,2663000.0,30.61400032043457
2016-08-04,35.13661193847656,34.77231216430664,35.0,35.063751220703125,2338000.0,30.646913528442383
2016-08-05,35.236793518066406,34.8816032409668,35.063751220703125,34.98178482055664,1855500.0,30.575275421142578
2016-08-08,35.22768783569336,34.85428237915039,35.00910568237305,35.00910568237305,2026000.0,30.599151611328125
2016-08-09,35.628414154052734,34.60837936401367,35.05464553833008,35.47358703613281,4504700.0,31.005125045776367
2016-08-10,36.31147384643555,35.591983795166016,35.591983795166016,35.9744987487793,4581400.0,31.442941665649414
2016-08-11,36.065574645996094,34.918033599853516,35.96539306640625,35.1183967590332,4220400.0,30.694671630859375
2016-08-12,35.95628356933594,35.1183967590332,35.17304229736328,35.63752365112305,2668400.0,31.14841079711914
2016-08-15,35.98360824584961,35.573768615722656,35.63752365112305,35.96539306640625,3807200.0,31.43497657775879
2016-08-16,35.837886810302734,35.56466293334961,35.79235076904297,35.72859573364258,4875500.0,31.228010177612305
2016-08-17,36.193077087402344,35.54644775390625,35.801456451416016,36.07468032836914,5659900.0,31.530500411987305
2016-08-18,36.3934440612793,35.96539306640625,35.96539306640625,36.28415298461914,3992800.0,31.713577270507812
2016-08-19,36.3934440612793,35.75592041015625,36.174861907958984,35.94717788696289,4020700.0,31.419057846069336
2016-08-22,36.16575622558594,35.73770523071289,35.95628356933594,35.90163803100586,3575600.0,31.379253387451172
2016-08-23,36.4207649230957,35.94717788696289,36.0928955078125,36.22950744628906,2403000.0,31.66582489013672
2016-08-24,36.35701370239258,35.72859573364258,36.238616943359375,35.93806838989258,1567800.0,31.411094665527344
2016-08-25,36.33879852294922,35.856101989746094,35.93806838989258,36.047359466552734,1728700.0,31.50661849975586
2016-08-26,36.238616943359375,35.0,36.12932586669922,35.28233337402344,2944700.0,30.83796501159668
2016-08-29,35.86520767211914,35.28233337402344,35.28233337402344,35.63752365112305,1859000.0,31.14841079711914
2016-08-30,35.91985321044922,35.40073013305664,35.72859573364258,35.90163803100586,2401600.0,31.379253387451172
2016-08-31,36.05646514892578,35.610198974609375,35.91074752807617,35.819671630859375,3068000.0,31.307613372802734
2016-09-01,35.87431716918945,35.14571762084961,35.837886810302734,35.33697509765625,2668200.0,30.88572120666504
2016-09-02,36.047359466552734,35.273223876953125,35.437156677246094,35.591983795166016,1959000.0,31.10860824584961
2016-09-06,36.56648635864258,35.52823257446289,35.68305969238281,36.54827117919922,3650000.0,31.944433212280273
2016-09-07,36.821495056152344,36.411659240722656,36.44808578491211,36.73041915893555,3140100.0,32.1036376953125
2016-09-08,36.50273132324219,35.86520767211914,36.50273132324219,36.065574645996094,4790900.0,31.522539138793945
2016-09-09,35.692169189453125,34.44444274902344,35.692169189453125,34.726776123046875,6581000.0,30.352386474609375
2016-09-12,35.01821517944336,34.307830810546875,34.517303466796875,34.69945526123047,5210800.0,30.328510284423828
2016-09-13,34.61748504638672,33.52458953857422,34.517303466796875,33.652095794677734,3853900.0,29.41307830810547
2016-09-14,33.989070892333984,33.41530227661133,33.806922912597656,33.64298629760742,3000000.0,29.405118942260742
2016-09-15,33.88888931274414,33.37887191772461,33.597450256347656,33.724952697753906,2363000.0,29.476757049560547
2016-09-16,33.89799499511719,33.37887191772461,33.588340759277344,33.843353271484375,4296800.0,29.58024787902832
2016-09-19,34.162113189697266,33.88888931274414,33.97996520996094,34.09836196899414,2629600.0,29.803131103515625
2016-09-20,34.562843322753906,34.18943405151367,34.36247634887695,34.28050994873047,2531600.0,29.962331771850586
2016-09-21,34.79963684082031,33.806922912597656,34.27140426635742,34.744991302490234,2588900.0,30.36830711364746
2016-09-22,35.500911712646484,34.9089241027832,34.972679138183594,35.437156677246094,2910600.0,30.973283767700195
2016-09-23,36.0018196105957,35.027320861816406,35.34608459472656,35.77413558959961,3202100.0,31.26780891418457
2016-09-26,36.156646728515625,35.55555725097656,35.628414154052734,36.065574645996094,3432300.0,31.522539138793945
2016-09-27,36.07468032836914,35.20947265625,36.065574645996094,35.30054473876953,3713500.0,30.853883743286133
2016-09-28,35.856101989746094,35.34608459472656,35.446266174316406,35.82878112792969,2109100.0,31.31557846069336
2016-09-29,35.81056594848633,35.081966400146484,35.673954010009766,35.100181579589844,2922600.0,30.67875862121582
2016-09-30,35.610198974609375,34.535518646240234,35.35519027709961,34.562843322753906,4186200.0,30.209102630615234
2016-10-03,34.690345764160156,34.162113189697266,34.408016204833984,34.25318908691406,3046500.0,29.93845558166504
2016-10-04,34.44444274902344,33.20582962036133,34.389801025390625,33.55191421508789,4280000.0,29.325515747070312
2016-10-05,33.87067413330078,32.841529846191406,33.670310974121094,33.069217681884766,2929900.0,28.903627395629883
2016-10-06,33.1420783996582,32.495445251464844,32.95082092285156,32.74134826660156,2583900.0,28.617055892944336
2016-10-07,33.43351364135742,32.650272369384766,32.88706588745117,32.704917907714844,2707100.0,28.5852108001709
2016-10-10,33.051002502441406,32.6958122253418,32.74134826660156,32.841529846191406,1366500.0,28.704618453979492
2016-10-11,32.914390563964844,32.35883331298828,32.75045394897461,32.559200286865234,2083200.0,28.457849502563477
2016-10-12,32.896175384521484,32.44990921020508,32.53187561035156,32.86885070800781,2200400.0,28.728498458862305
2016-10-13,33.37887191772461,32.56830596923828,32.7231330871582,33.214935302734375,2851200.0,29.030986785888672
2016-10-14,33.39708709716797,32.90528106689453,33.214935302734375,33.005462646484375,1635000.0,28.847898483276367
2016-10-17,33.36065673828125,32.86885070800781,33.023677825927734,33.07832336425781,2529900.0,28.911579132080078
2016-10-18,33.779598236083984,33.13296890258789,33.29690170288086,33.41530227661133,2450200.0,29.206111907958984
2016-10-19,34.01639175415039,33.33333206176758,33.43351364135742,33.56101989746094,2909000.0,29.333477020263672
2016-10-20,33.68852615356445,33.30601119995117,33.4881591796875,33.387977600097656,2378100.0,29.182228088378906
2016-10-21,33.33333206176758,32.58652114868164,33.13296890258789,32.650272369384766,4302700.0,28.537452697753906
2016-10-24,33.260475158691406,32.604736328125,32.86885070800781,32.859745025634766,2855800.0,28.720535278320312
2016-10-25,32.92349624633789,32.40437316894531,32.90528106689453,32.41347885131836,3194400.0,28.330486297607422
2016-10-26,32.440799713134766,31.757741928100586,32.367942810058594,31.939889907836914,3815000.0,27.916549682617188
2016-10-27,31.87613868713379,30.983606338500977,31.87613868713379,31.038251876831055,3996200.0,27.128490447998047
2016-10-28,31.384334564208984,31.020036697387695,31.156648635864258,31.0928955078125,3324500.0,27.176252365112305
2016-10-31,31.375226974487305,31.08378791809082,31.211294174194336,31.193078994750977,5307400.0,27.26381492614746
2016-11-01,32.31999969482422,30.25,30.950000762939453,30.469999313354492,10682700.0,26.631818771362305
2016-11-02,30.450000762939453,29.219999313354492,30.40999984741211,29.229999542236328,6656600.0,25.548015594482422
2016-11-03,29.229999542236328,28.3799991607666,29.229999542236328,28.670000076293945,6363100.0,25.058555603027344
2016-11-04,29.56999969482422,28.610000610351562,28.770000457763672,29.520000457763672,7522400.0,25.801485061645508
2016-11-07,30.280000686645508,29.65999984741211,29.940000534057617,30.260000228881836,5102100.0,26.448272705078125
2016-11-08,29.84000015258789,29.280000686645508,29.81999969482422,29.709999084472656,4466400.0,26.28899574279785
2016-11-09,29.3799991607666,27.889999389648438,28.760000228881836,28.829999923706055,6493700.0,25.510324478149414
2016-11-10,28.790000915527344,27.610000610351562,28.65999984741211,27.940000534057617,7961200.0,24.722810745239258
2016-11-11,28.40999984741211,27.850000381469727,27.850000381469727,28.100000381469727,4526300.0,24.864383697509766
2016-11-14,29.510000228881836,27.850000381469727,27.979999542236328,29.399999618530273,5501500.0,26.014692306518555
2016-11-15,29.959999084472656,28.979999542236328,29.510000228881836,29.40999984741211,4668700.0,26.023540496826172
2016-11-16,29.610000610351562,29.06999969482422,29.34000015258789,29.31999969482422,2243900.0,25.943904876708984
2016-11-17,29.350000381469727,28.670000076293945,29.209999084472656,28.760000228881836,2695200.0,25.448389053344727
2016-11-18,28.940000534057617,28.479999542236328,28.780000686645508,28.68000030517578,3052700.0,25.377595901489258
2016-11-21,29.329999923706055,28.600000381469727,29.020000457763672,28.670000076293945,3473200.0,25.368751525878906
2016-11-22,29.43000030517578,28.549999237060547,29.030000686645508,29.399999618530273,3896900.0,26.014692306518555
2016-11-23,29.56999969482422,28.920000076293945,29.15999984741211,29.510000228881836,4938300.0,26.11202621459961
2016-11-25,29.649999618530273,29.1299991607666,29.59000015258789,29.260000228881836,2109100.0,25.89081573486328
2016-11-28,29.780000686645508,29.200000762939453,29.25,29.3799991607666,4247400.0,25.99699592590332
2016-11-29,29.899999618530273,29.329999923706055,29.3799991607666,29.600000381469727,4169200.0,26.19166374206543
2016-11-30,29.670000076293945,29.010000228881836,29.329999923706055,29.530000686645508,5586500.0,26.129724502563477
2016-12-01,29.350000381469727,28.420000076293945,29.329999923706055,28.610000610351562,4239800.0,25.31566047668457
2016-12-02,29.459999084472656,28.760000228881836,28.760000228881836,29.079999923706055,2709300.0,25.73154067993164
2016-12-05,29.260000228881836,28.81999969482422,29.149999618530273,29.229999542236328,3194500.0,25.864269256591797
2016-12-06,29.6299991607666,29.190000534057617,29.280000686645508,29.43000030517578,3374500.0,26.041236877441406
2016-12-07,30.190000534057617,29.5,29.549999237060547,30.1299991607666,3792200.0,26.66063690185547
2016-12-08,30.440000534057617,29.700000762939453,29.8700008392334,30.110000610351562,4607000.0,26.642940521240234
2016-12-09,30.579999923706055,29.950000762939453,30.190000534057617,30.040000915527344,4324400.0,26.581003189086914
2016-12-12,30.360000610351562,29.729999542236328,29.90999984741211,30.350000381469727,4224600.0,26.855304718017578
2016-12-13,30.68000030517578,30.040000915527344,30.549999237060547,30.389999389648438,4855200.0,26.89069366455078
2016-12-14,30.459999084472656,28.969999313354492,30.399999618530273,29.010000228881836,6635900.0,25.669601440429688
2016-12-15,29.049999237060547,28.299999237060547,28.969999313354492,28.40999984741211,7020900.0,25.138689041137695
2016-12-16,29.260000228881836,28.40999984741211,28.459999084472656,29.139999389648438,8152300.0,25.784631729125977
2016-12-19,30.43000030517578,29.40999984741211,29.40999984741211,30.299999237060547,4574500.0,26.811059951782227
2016-12-20,30.420000076293945,29.809999465942383,30.209999084472656,30.020000457763672,3538100.0,26.563302993774414
2016-12-21,30.290000915527344,29.329999923706055,30.020000457763672,29.3700008392334,2778300.0,25.988147735595703
2016-12-22,29.43000030517578,28.889999389648438,29.34000015258789,29.18000030517578,3367700.0,25.820024490356445
2016-12-23,29.399999618530273,29.06999969482422,29.280000686645508,29.260000228881836,2148300.0,25.89081573486328
2016-12-27,29.489999771118164,29.149999618530273,29.260000228881836,29.3700008392334,2449600.0,25.988147735595703
2016-12-28,29.399999618530273,28.799999237060547,29.399999618530273,29.010000228881836,3728200.0,25.669601440429688
2016-12-29,29.469999313354492,28.959999084472656,29.100000381469727,29.360000610351562,3976600.0,25.979299545288086
2016-12-30,29.84000015258789,29.329999923706055,29.479999542236328,29.719999313354492,3985100.0,26.2978458404541
2017-01-03,29.920000076293945,29.520000457763672,29.8799991607666,29.780000686645508,3083500.0,26.35093879699707
2017-01-04,30.56999969482422,29.809999465942383,29.889999389648438,30.440000534057617,5343100.0,26.934940338134766
2017-01-05,31.260000228881836,30.25,30.549999237060547,31.149999618530273,4948900.0,27.563188552856445
2017-01-06,31.479999542236328,30.6200008392334,31.1299991607666,31.219999313354492,5003800.0,27.6251277923584
2017-01-09,31.350000381469727,30.809999465942383,31.229999542236328,30.809999465942383,4347300.0,27.2623348236084
2017-01-10,30.75,29.950000762939453,30.709999084472656,30.049999237060547,4303000.0,26.589847564697266
2017-01-11,30.489999771118164,29.969999313354492,30.100000381469727,30.399999618530273,5660000.0,26.899547576904297
2017-01-12,30.5,29.989999771118164,30.399999618530273,30.40999984741211,2942700.0,26.90839385986328
2017-01-13,30.510000228881836,29.989999771118164,30.34000015258789,30.219999313354492,2695000.0,26.74027442932129
2017-01-17,30.729999542236328,30.329999923706055,30.329999923706055,30.68000030517578,2826100.0,27.14730453491211
2017-01-18,30.920000076293945,30.530000686645508,30.549999237060547,30.549999237060547,3027700.0,27.03227424621582
2017-01-19,30.40999984741211,29.75,30.40999984741211,29.959999084472656,4535300.0,26.510211944580078
2017-01-20,30.149999618530273,29.8700008392334,29.950000762939453,30.06999969482422,3125100.0,26.6075439453125
2017-01-23,30.3700008392334,29.959999084472656,30.110000610351562,30.329999923706055,2467200.0,26.83760643005371
2017-01-24,30.479999542236328,30.030000686645508,30.34000015258789,30.239999771118164,3119300.0,26.757970809936523
2017-01-25,30.610000610351562,29.68000030517578,30.5,29.8799991607666,6139000.0,26.439424514770508
2017-01-26,30.06999969482422,29.530000686645508,29.940000534057617,29.600000381469727,5316000.0,26.19166374206543
2017-01-27,29.719999313354492,29.389999389648438,29.670000076293945,29.559999465942383,4119400.0,26.15627098083496
2017-01-30,30.1299991607666,29.360000610351562,29.59000015258789,30.06999969482422,6768000.0,26.6075439453125
2017-01-31,30.770000457763672,29.760000228881836,30.139999389648438,30.31999969482422,23569800.0,26.828752517700195
2017-02-01,30.6299991607666,29.809999465942383,30.329999923706055,30.040000915527344,5473900.0,26.581003189086914
2017-02-02,30.719999313354492,29.8799991607666,30.0,30.700000762939453,4155200.0,27.165006637573242
2017-02-03,31.0,30.579999923706055,30.799999237060547,30.75,3843800.0,27.209245681762695
2017-02-06,30.93000030517578,30.540000915527344,30.75,30.920000076293945,3455000.0,27.359670639038086
2017-02-07,31.09000015258789,30.68000030517578,31.0,30.75,3173200.0,27.209245681762695
2017-02-08,31.1299991607666,30.770000457763672,30.860000610351562,30.90999984741211,2260600.0,27.35082244873047
2017-02-09,31.059999465942383,30.6200008392334,30.90999984741211,30.68000030517578,4713500.0,27.14730453491211
2017-02-10,30.809999465942383,30.549999237060547,30.610000610351562,30.700000762939453,3180300.0,27.165006637573242
2017-02-13,30.920000076293945,30.309999465942383,30.5,30.850000381469727,2809300.0,27.630741119384766
2017-02-14,30.829999923706055,30.219999313354492,30.729999542236328,30.40999984741211,2626000.0,27.23665428161621
2017-02-15,30.459999084472656,29.860000610351562,30.31999969482422,30.420000076293945,2894600.0,27.245609283447266
2017-02-16,31.290000915527344,30.5,30.5,30.979999542236328,3035800.0,27.74717140197754
2017-02-17,31.110000610351562,30.75,30.969999313354492,31.06999969482422,2224300.0,27.827783584594727
2017-02-21,31.510000228881836,30.739999771118164,31.0,31.399999618530273,3314400.0,28.12334632873535
2017-02-22,31.90999984741211,31.43000030517578,31.479999542236328,31.639999389648438,4138600.0,28.338302612304688
2017-02-23,32.15999984741211,31.639999389648438,31.780000686645508,32.130001068115234,2589200.0,28.777170181274414
2017-02-24,32.689998626708984,31.950000762939453,32.040000915527344,32.63999938964844,3835000.0,29.233949661254883
2017-02-27,32.900001525878906,32.56999969482422,32.72999954223633,32.72999954223633,3066600.0,29.314559936523438
2017-02-28,32.970001220703125,32.599998474121094,32.75,32.790000915527344,4523000.0,29.368297576904297
2017-03-01,32.59000015258789,32.150001525878906,32.59000015258789,32.20000076293945,3902300.0,28.839866638183594
2017-03-02,32.2599983215332,31.770000457763672,32.13999938964844,32.11000061035156,3166900.0,28.75925636291504
2017-03-03,32.25,31.600000381469727,32.040000915527344,32.20000076293945,3525700.0,28.839866638183594
2017-03-06,32.15999984741211,31.389999389648438,32.04999923706055,31.5,3538800.0,28.21291160583496
2017-03-07,31.43000030517578,30.969999313354492,31.360000610351562,31.299999237060547,3883700.0,28.033781051635742
2017-03-08,31.059999465942383,30.309999465942383,31.059999465942383,30.360000610351562,2939600.0,27.191871643066406
2017-03-09,30.469999313354492,29.59000015258789,30.350000381469727,29.75,2531900.0,26.645524978637695
2017-03-10,30.299999237060547,29.530000686645508,29.75,29.760000228881836,3360700.0,26.654483795166016
2017-03-13,30.0,29.559999465942383,29.829999923706055,29.780000686645508,3476600.0,26.672395706176758
2017-03-14,29.790000915527344,29.40999984741211,29.719999313354492,29.510000228881836,3089400.0,26.430572509765625
2017-03-15,30.239999771118164,29.579999923706055,29.690000534057617,30.079999923706055,3854100.0,26.941089630126953
2017-03-16,30.229999542236328,29.8700008392334,30.010000228881836,30.020000457763672,2618000.0,26.887351989746094
2017-03-17,30.40999984741211,29.920000076293945,30.030000686645508,30.1200008392334,4622400.0,26.976917266845703
2017-03-20,30.479999542236328,30.079999923706055,30.420000076293945,30.170000076293945,2659300.0,27.021699905395508
2017-03-21,30.299999237060547,29.920000076293945,30.25,30.010000228881836,4782900.0,26.878395080566406
2017-03-22,30.649999618530273,30.049999237060547,30.110000610351562,30.489999771118164,7017100.0,27.308303833007812
2017-03-23,30.8700008392334,30.440000534057617,30.440000534057617,30.56999969482422,7918600.0,27.37995719909668
2017-03-24,30.799999237060547,30.540000915527344,30.729999542236328,30.610000610351562,5256600.0,27.415782928466797
2017-03-27,31.09000015258789,30.40999984741211,30.40999984741211,30.790000915527344,5362400.0,27.577001571655273
2017-03-28,31.049999237060547,30.6299991607666,30.809999465942383,31.0,3061500.0,27.76508903503418
2017-03-29,31.1200008392334,30.809999465942383,31.0,31.020000457763672,2577800.0,27.78299903869629
2017-03-30,31.059999465942383,30.56999969482422,31.020000457763672,30.989999771118164,3509100.0,27.75613021850586
2017-03-31,31.3799991607666,31.010000228881836,31.030000686645508,31.280000686645508,3792300.0,28.015869140625
2017-04-03,31.40999984741211,30.829999923706055,31.389999389648438,31.100000381469727,5671000.0,27.854650497436523
2017-04-04,31.360000610351562,30.979999542236328,31.219999313354492,31.049999237060547,5830600.0,27.809865951538086
2017-04-05,31.15999984741211,30.81999969482422,31.059999465942383,31.139999389648438,7767900.0,27.89047622680664
2017-04-06,31.440000534057617,30.899999618530273,31.110000610351562,31.399999618530273,4052700.0,28.12334632873535
2017-04-07,31.8700008392334,31.34000015258789,31.489999771118164,31.790000915527344,6028300.0,28.472652435302734
2017-04-10,31.979999542236328,31.719999313354492,31.790000915527344,31.90999984741211,3118800.0,28.580127716064453
2017-04-11,31.899999618530273,31.610000610351562,31.719999313354492,31.809999465942383,3862800.0,28.490562438964844
2017-04-12,31.93000030517578,31.690000534057617,31.760000228881836,31.899999618530273,2373200.0,28.571168899536133
2017-04-13,32.119998931884766,31.799999237060547,31.940000534057617,31.899999618530273,2610700.0,28.571168899536133
2017-04-17,32.27000045776367,31.899999618530273,32.02000045776367,32.27000045776367,2785700.0,28.902563095092773
2017-04-18,32.79999923706055,32.16999816894531,32.27000045776367,32.790000915527344,4965600.0,29.368297576904297
2017-04-19,32.779998779296875,32.279998779296875,32.77000045776367,32.400001525878906,4623200.0,29.01899528503418
2017-04-20,32.720001220703125,32.29999923706055,32.439998626708984,32.52000045776367,2378200.0,29.126468658447266
2017-04-21,32.599998474121094,32.349998474121094,32.43000030517578,32.5,3065500.0,29.108556747436523
2017-04-24,32.54999923706055,31.350000381469727,32.529998779296875,32.0099983215332,5106700.0,28.669687271118164
2017-04-25,32.15999984741211,31.860000610351562,32.0,32.040000915527344,3678200.0,28.696561813354492
2017-04-26,31.979999542236328,31.540000915527344,31.93000030517578,31.6299991607666,3608800.0,28.329343795776367
2017-04-27,31.950000762939453,31.469999313354492,31.6299991607666,31.510000228881836,3969700.0,28.221864700317383
2017-04-28,31.5,30.920000076293945,31.459999084472656,31.350000381469727,3682800.0,28.078563690185547
2017-05-01,31.709999084472656,31.18000030517578,31.3700008392334,31.450000762939453,3322000.0,28.16813087463379
2017-05-02,31.690000534057617,30.940000534057617,31.5,31.260000228881836,5010200.0,27.997955322265625
2017-05-03,31.510000228881836,30.399999618530273,31.479999542236328,30.530000686645508,3738300.0,27.344133377075195
2017-05-04,30.1299991607666,29.549999237060547,29.989999771118164,29.899999618530273,4657900.0,27.10840606689453
2017-05-05,30.209999084472656,29.889999389648438,29.920000076293945,30.09000015258789,5199600.0,27.280668258666992
2017-05-08,30.239999771118164,29.8799991607666,30.209999084472656,30.1299991607666,4007500.0,27.31693458557129
2017-05-09,30.18000030517578,29.709999084472656,30.139999389648438,29.889999389648438,3700800.0,27.09933853149414
2017-05-10,30.489999771118164,29.889999389648438,29.899999618530273,30.389999389648438,4254300.0,27.552658081054688
2017-05-11,31.040000915527344,30.030000686645508,30.25,30.959999084472656,3107000.0,28.069438934326172
2017-05-12,31.43000030517578,30.959999084472656,31.040000915527344,31.290000915527344,3791800.0,28.36863136291504
2017-05-15,31.6200008392334,31.020000457763672,31.31999969482422,31.100000381469727,2295400.0,28.196369171142578
2017-05-16,31.200000762939453,30.81999969482422,31.09000015258789,31.0,2370700.0,28.105709075927734
2017-05-17,31.700000762939453,30.989999771118164,30.989999771118164,31.360000610351562,3332000.0,28.43209457397461
2017-05-18,31.780000686645508,31.0,31.34000015258789,31.719999313354492,3251800.0,28.758481979370117
2017-05-19,31.850000381469727,31.260000228881836,31.760000228881836,31.719999313354492,3273500.0,28.758481979370117
2017-05-22,31.920000076293945,31.549999237060547,31.700000762939453,31.8799991607666,2515600.0,28.903545379638672
2017-05-23,32.04999923706055,31.690000534057617,31.90999984741211,31.729999542236328,2454400.0,28.76755142211914
2017-05-24,31.959999084472656,31.6200008392334,31.729999542236328,31.690000534057617,3550500.0,28.731285095214844
2017-05-25,31.719999313354492,31.489999771118164,31.6299991607666,31.540000915527344,2468400.0,28.595293045043945
2017-05-26,31.639999389648438,31.040000915527344,31.579999923706055,31.229999542236328,2669900.0,28.314231872558594
2017-05-30,31.40999984741211,31.1299991607666,31.200000762939453,31.219999313354492,1851300.0,28.305166244506836
2017-05-31,31.489999771118164,31.110000610351562,31.200000762939453,31.34000015258789,4421900.0,28.41396141052246
2017-06-01,31.510000228881836,30.739999771118164,31.290000915527344,31.469999313354492,2854100.0,28.531824111938477
2017-06-02,32.130001068115234,31.639999389648438,31.639999389648438,31.899999618530273,3440600.0,28.921676635742188
2017-06-05,31.780000686645508,31.469999313354492,31.75,31.739999771118164,2041500.0,28.77661895751953
2017-06-06,31.829999923706055,31.489999771118164,31.709999084472656,31.530000686645508,1858900.0,28.586223602294922
2017-06-07,31.690000534057617,31.350000381469727,31.520000457763672,31.399999618530273,2371300.0,28.468360900878906
2017-06-08,31.399999618530273,30.670000076293945,31.399999618530273,30.959999084472656,3374800.0,28.069438934326172
2017-06-09,31.329999923706055,30.719999313354492,30.860000610351562,31.18000030517578,2416900.0,28.268903732299805
2017-06-12,31.6200008392334,31.049999237060547,31.260000228881836,31.6200008392334,4001200.0,28.66781997680664
2017-06-13,31.690000534057617,31.389999389648438,31.56999969482422,31.65999984741211,3207800.0,28.704084396362305
2017-06-14,32.52000045776367,31.8700008392334,32.08000183105469,31.969999313354492,5060100.0,28.985143661499023
2017-06-15,32.380001068115234,31.719999313354492,31.739999771118164,32.16999816894531,2560500.0,29.16646957397461
2017-06-16,32.560001373291016,32.060001373291016,32.2599983215332,32.5099983215332,4214600.0,29.4747257232666
2017-06-19,32.84000015258789,32.34000015258789,32.4900016784668,32.84000015258789,3678500.0,29.7739200592041
2017-06-20,33.16999816894531,32.77000045776367,32.81999969482422,33.09000015258789,2644900.0,30.00057601928711
2017-06-21,33.279998779296875,32.86000061035156,33.060001373291016,33.04999923706055,2954100.0,29.96430778503418
2017-06-22,33.33000183105469,32.90999984741211,33.040000915527344,33.18000030517578,2175700.0,30.08217430114746
2017-06-23,33.630001068115234,33.209999084472656,33.209999084472656,33.38999938964844,3100000.0,30.272565841674805
2017-06-26,33.66999816894531,33.33000183105469,33.47999954223633,33.380001068115234,1881200.0,30.26350212097168
2017-06-27,33.43000030517578,32.72999954223633,33.25,32.75,4143200.0,29.69232177734375
2017-06-28,32.83000183105469,32.59000015258789,32.75,32.7400016784668,3161300.0,29.68325424194336
2017-06-29,32.529998779296875,31.920000076293945,32.41999816894531,31.979999542236328,3331100.0,28.99420928955078
2017-06-30,32.33000183105469,31.770000457763672,32.099998474121094,31.959999084472656,2813900.0,28.976076126098633
2017-07-03,32.599998474121094,32.02000045776367,32.099998474121094,32.54999923706055,1094100.0,29.510995864868164
2017-07-05,32.650001525878906,32.02000045776367,32.650001525878906,32.150001525878906,2311100.0,29.148340225219727
2017-07-06,32.029998779296875,31.149999618530273,32.0,31.149999618530273,4374300.0,28.2417049407959
2017-07-07,31.31999969482422,30.850000381469727,31.209999084472656,31.209999084472656,2197400.0,28.296098709106445
2017-07-10,31.31999969482422,30.8799991607666,31.260000228881836,30.889999389648438,2086000.0,28.0059757232666
2017-07-11,31.06999969482422,30.709999084472656,30.950000762939453,30.950000762939453,1702400.0,28.060375213623047
2017-07-12,31.6299991607666,31.139999389648438,31.209999084472656,31.469999313354492,2517300.0,28.531824111938477
2017-07-13,31.59000015258789,31.299999237060547,31.450000762939453,31.329999923706055,2005800.0,28.404895782470703
2017-07-14,31.799999237060547,31.420000076293945,31.420000076293945,31.760000228881836,2362500.0,28.794750213623047
2017-07-17,32.04999923706055,31.639999389648438,31.790000915527344,32.0099983215332,3126600.0,29.021406173706055
2017-07-18,32.2599983215332,31.829999923706055,31.979999542236328,32.060001373291016,2248700.0,29.066740036010742
2017-07-19,32.34000015258789,31.920000076293945,32.04999923706055,32.15999984741211,2493600.0,29.15740394592285
2017-07-20,32.2599983215332,31.739999771118164,32.209999084472656,31.739999771118164,3643100.0,28.77661895751953
2017-07-21,31.739999771118164,31.420000076293945,31.719999313354492,31.59000015258789,3304000.0,28.640621185302734
2017-07-24,31.65999984741211,31.239999771118164,31.510000228881836,31.34000015258789,4416000.0,28.41396141052246
2017-07-25,31.729999542236328,31.079999923706055,31.350000381469727,31.700000762939453,3002200.0,28.7403507232666
2017-07-26,32.119998931884766,31.610000610351562,31.6299991607666,31.989999771118164,3315400.0,29.003276824951172
2017-07-27,32.0,31.389999389648438,31.809999465942383,31.90999984741211,3082400.0,28.930744171142578
2017-07-28,32.06999969482422,31.649999618530273,31.940000534057617,31.829999923706055,3144300.0,28.858213424682617
2017-07-31,32.04999923706055,31.520000457763672,31.84000015258789,31.649999618530273,9972100.0,28.695018768310547
2017-08-01,31.799999237060547,29.989999771118164,31.760000228881836,30.25,6385800.0,27.425729751586914
2017-08-02,30.25,29.719999313354492,30.1299991607666,30.030000686645508,5740600.0,27.22627067565918
2017-08-03,30.06999969482422,29.450000762939453,29.579999923706055,30.030000686645508,2967200.0,27.56591033935547
2017-08-04,30.0,29.6200008392334,29.90999984741211,29.850000381469727,2142900.0,27.400680541992188
2017-08-07,29.899999618530273,29.43000030517578,29.81999969482422,29.559999465942383,3501000.0,27.13447380065918
2017-08-08,29.6299991607666,29.25,29.40999984741211,29.610000610351562,4181100.0,27.18037223815918
2017-08-09,29.770000457763672,29.3700008392334,29.670000076293945,29.3799991607666,2902000.0,26.96924591064453
2017-08-10,29.5,29.149999618530273,29.329999923706055,29.190000534057617,2368400.0,26.79483413696289
2017-08-11,29.290000915527344,28.93000030517578,29.170000076293945,29.270000457763672,3230800.0,26.868268966674805
2017-08-14,29.8700008392334,29.290000915527344,29.360000610351562,29.799999237060547,2749600.0,27.354780197143555
2017-08-15,29.670000076293945,29.0,29.670000076293945,29.149999618530273,4051100.0,26.75811767578125
2017-08-16,29.459999084472656,29.219999313354492,29.219999313354492,29.34000015258789,3256600.0,26.932527542114258
2017-08-17,29.420000076293945,29.18000030517578,29.350000381469727,29.200000762939453,2796300.0,26.804014205932617
2017-08-18,29.25,28.809999465942383,29.239999771118164,28.850000381469727,2694200.0,26.48273277282715
2017-08-21,29.469999313354492,28.790000915527344,28.899999618530273,29.3799991607666,2386800.0,26.96924591064453
2017-08-22,29.440000534057617,28.770000457763672,29.399999618530273,28.950000762939453,3134900.0,26.57452964782715
2017-08-23,29.489999771118164,28.899999618530273,29.030000686645508,29.459999084472656,2316900.0,27.04267692565918
2017-08-24,29.700000762939453,29.329999923706055,29.469999313354492,29.40999984741211,3109600.0,26.996784210205078
2017-08-25,29.700000762939453,29.399999618530273,29.530000686645508,29.540000915527344,2389100.0,27.116117477416992
2017-08-28,29.59000015258789,29.18000030517578,29.559999465942383,29.280000686645508,1639800.0,26.87744903564453
2017-08-29,29.610000610351562,29.299999237060547,29.360000610351562,29.510000228881836,3439600.0,27.088579177856445
2017-08-30,29.59000015258789,29.280000686645508,29.459999084472656,29.540000915527344,2782100.0,27.116117477416992
2017-08-31,29.8799991607666,29.579999923706055,29.59000015258789,29.809999465942383,3045600.0,27.36396026611328
2017-09-01,30.18000030517578,29.81999969482422,29.81999969482422,30.139999389648438,2500600.0,27.66688346862793
2017-09-05,30.389999389648438,29.959999084472656,30.110000610351562,30.170000076293945,2903400.0,27.694421768188477
2017-09-06,30.43000030517578,30.059999465942383,30.209999084472656,30.1200008392334,4136200.0,27.64852523803711
2017-09-07,30.290000915527344,30.06999969482422,30.15999984741211,30.149999618530273,2519300.0,27.676061630249023
2017-09-08,30.59000015258789,30.030000686645508,30.1299991607666,30.209999084472656,4924300.0,27.731138229370117
2017-09-11,30.549999237060547,30.170000076293945,30.25,30.329999923706055,4214400.0,27.84129524230957
2017-09-12,30.399999618530273,29.639999389648438,30.280000686645508,29.799999237060547,2545800.0,27.354780197143555
2017-09-13,29.84000015258789,29.360000610351562,29.780000686645508,29.469999313354492,5297800.0,27.051860809326172
2017-09-14,29.709999084472656,29.31999969482422,29.549999237060547,29.479999542236328,8135000.0,27.061038970947266
2017-09-15,29.799999237060547,29.440000534057617,29.540000915527344,29.450000762939453,7466000.0,27.03350067138672
2017-09-18,29.639999389648438,29.290000915527344,29.479999542236328,29.440000534057617,3817200.0,27.024322509765625
2017-09-19,29.6299991607666,29.049999237060547,29.479999542236328,29.100000381469727,5575800.0,26.712221145629883
2017-09-20,29.3799991607666,28.959999084472656,29.209999084472656,29.040000915527344,2746300.0,26.65714454650879
2017-09-21,29.139999389648438,28.56999969482422,29.09000015258789,28.56999969482422,3170100.0,26.2257080078125
2017-09-22,28.549999237060547,27.84000015258789,28.450000762939453,27.8700008392334,4057400.0,25.583145141601562
2017-09-25,28.290000915527344,27.940000534057617,28.049999237060547,28.139999389648438,2964300.0,25.830991744995117
2017-09-26,28.1200008392334,27.81999969482422,28.09000015258789,28.020000457763672,4825400.0,25.720840454101562
2017-09-27,27.979999542236328,27.469999313354492,27.8799991607666,27.65999984741211,4138400.0,25.390378952026367
2017-09-28,27.90999984741211,27.56999969482422,27.65999984741211,27.850000381469727,3178300.0,25.564788818359375
2017-09-29,27.979999542236328,27.65999984741211,27.770000457763672,27.829999923706055,3756900.0,25.546428680419922
2017-10-02,27.43000030517578,26.690000534057617,27.260000228881836,26.709999084472656,6679800.0,24.518327713012695
2017-10-03,27.049999237060547,26.469999313354492,26.700000762939453,27.0,4799000.0,24.78453254699707
2017-10-04,27.1200008392334,26.739999771118164,27.0,27.059999465942383,3385700.0,24.839611053466797
2017-10-05,27.280000686645508,27.059999465942383,27.059999465942383,27.139999389648438,3901600.0,24.91304588317871
2017-10-06,27.059999465942383,26.600000381469727,27.020000457763672,26.920000076293945,3510300.0,24.711097717285156
2017-10-09,27.049999237060547,26.799999237060547,26.8799991607666,26.829999923706055,2468100.0,24.628482818603516
2017-10-10,27.020000457763672,26.280000686645508,26.860000610351562,26.440000534057617,4228200.0,24.270484924316406
2017-10-11,26.780000686645508,26.450000762939453,26.5,26.459999084472656,2293000.0,24.28884506225586
2017-10-12,26.56999969482422,26.260000228881836,26.440000534057617,26.43000030517578,3373600.0,24.261306762695312
2017-10-13,26.68000030517578,26.360000610351562,26.549999237060547,26.3700008392334,2849900.0,24.206228256225586
2017-10-16,26.469999313354492,26.18000030517578,26.420000076293945,26.219999313354492,3152500.0,24.06853675842285
2017-10-17,26.540000915527344,26.110000610351562,26.170000076293945,26.479999542236328,3285900.0,24.307201385498047
2017-10-18,26.6299991607666,26.399999618530273,26.479999542236328,26.469999313354492,2745200.0,24.298023223876953
2017-10-19,26.639999389648438,26.329999923706055,26.469999313354492,26.360000610351562,1816100.0,24.197050094604492
2017-10-20,26.43000030517578,26.15999984741211,26.360000610351562,26.360000610351562,2047100.0,24.197050094604492
2017-10-23,26.450000762939453,25.90999984741211,26.420000076293945,25.979999542236328,2229500.0,23.848230361938477
2017-10-24,26.010000228881836,25.510000228881836,25.969999313354492,25.6299991607666,3090800.0,23.526947021484375
2017-10-25,25.670000076293945,25.1299991607666,25.600000381469727,25.360000610351562,3590900.0,23.279104232788086
2017-10-26,25.649999618530273,25.170000076293945,25.59000015258789,25.209999084472656,2462900.0,23.14141082763672
2017-10-27,25.65999984741211,25.09000015258789,25.15999984741211,25.56999969482422,3767000.0,23.47187042236328
2017-10-30,25.639999389648438,25.450000762939453,25.59000015258789,25.600000381469727,3332600.0,23.499412536621094
2017-10-31,25.850000381469727,25.309999465942383,25.610000610351562,25.84000015258789,4634500.0,23.719717025756836
2017-11-01,26.139999389648438,25.760000228881836,25.8700008392334,26.020000457763672,5109700.0,23.884946823120117
2017-11-02,27.6200008392334,26.709999084472656,26.969999313354492,26.950000762939453,8229900.0,24.73863410949707
2017-11-03,27.149999618530273,26.510000228881836,26.510000228881836,27.139999389648438,4215100.0,25.25984001159668
2017-11-06,27.360000610351562,26.84000015258789,27.170000076293945,26.84000015258789,4193300.0,24.98062515258789
2017-11-07,27.079999923706055,26.75,26.799999237060547,27.0,3548400.0,25.129539489746094
2017-11-08,27.06999969482422,26.790000915527344,26.90999984741211,26.989999771118164,5084400.0,25.1202335357666
2017-11-09,27.219999313354492,26.829999923706055,26.829999923706055,27.020000457763672,3623900.0,25.148155212402344
2017-11-10,27.360000610351562,26.760000228881836,26.850000381469727,27.010000228881836,3328400.0,25.13884735107422
2017-11-13,27.309999465942383,27.010000228881836,27.049999237060547,27.229999542236328,3267000.0,25.34360694885254
2017-11-14,27.34000015258789,27.020000457763672,27.18000030517578,27.020000457763672,3800700.0,25.148155212402344
2017-11-15,27.100000381469727,26.5,26.979999542236328,26.90999984741211,4103400.0,25.0457763671875
2017-11-16,27.010000228881836,26.65999984741211,26.959999084472656,26.84000015258789,4430500.0,24.98062515258789
2017-11-17,26.899999618530273,26.739999771118164,26.75,26.799999237060547,2769700.0,24.94339370727539
2017-11-20,26.8700008392334,26.540000915527344,26.799999237060547,26.799999237060547,3211700.0,24.94339370727539
2017-11-21,26.93000030517578,26.760000228881836,26.8700008392334,26.799999237060547,3468500.0,24.94339370727539
2017-11-22,26.93000030517578,26.709999084472656,26.760000228881836,26.709999084472656,2552100.0,24.859628677368164
2017-11-24,27.0,26.719999313354492,26.719999313354492,26.8799991607666,880700.0,25.017852783203125
2017-11-27,26.93000030517578,26.690000534057617,26.8700008392334,26.690000534057617,3106000.0,24.841018676757812
2017-11-28,26.780000686645508,26.40999984741211,26.700000762939453,26.549999237060547,2566600.0,24.71071434020996
2017-11-29,26.950000762939453,26.3799991607666,26.540000915527344,26.899999618530273,3358000.0,25.036468505859375
2017-11-30,26.850000381469727,26.299999237060547,26.829999923706055,26.440000534057617,5115100.0,24.60833740234375
2017-12-01,26.770000457763672,26.479999542236328,26.540000915527344,26.65999984741211,3453800.0,24.813095092773438
2017-12-04,26.790000915527344,26.3799991607666,26.670000076293945,26.399999618530273,3283500.0,24.571107864379883
2017-12-05,26.959999084472656,26.540000915527344,26.790000915527344,26.559999465942383,3769800.0,24.720022201538086
2017-12-06,26.649999618530273,26.389999389648438,26.6299991607666,26.610000610351562,1934900.0,24.766559600830078
2017-12-07,26.850000381469727,26.510000228881836,26.549999237060547,26.770000457763672,2283100.0,24.915475845336914
2017-12-08,27.040000915527344,26.68000030517578,26.809999465942383,26.780000686645508,2763700.0,24.924781799316406
2017-12-11,26.829999923706055,26.690000534057617,26.729999542236328,26.719999313354492,3070900.0,24.86893653869629
2017-12-12,27.299999237060547,26.700000762939453,26.770000457763672,27.139999389648438,6450500.0,25.25984001159668
2017-12-13,27.43000030517578,26.920000076293945,27.229999542236328,26.969999313354492,5779300.0,25.10161590576172
2017-12-14,27.079999923706055,26.799999237060547,26.93000030517578,26.809999465942383,3960400.0,24.952701568603516
2017-12-15,27.239999771118164,26.81999969482422,26.899999618530273,26.829999923706055,9652900.0,24.971317291259766
2017-12-18,27.299999237060547,26.90999984741211,26.940000534057617,26.979999542236328,4185900.0,25.110923767089844
2017-12-19,27.0,25.989999771118164,27.0,26.100000381469727,5205500.0,24.29189109802246
2017-12-20,26.219999313354492,25.81999969482422,26.049999237060547,25.84000015258789,4922200.0,24.049903869628906
2017-12-21,25.899999618530273,25.520000457763672,25.899999618530273,25.600000381469727,4396600.0,23.82653045654297
2017-12-22,25.709999084472656,25.510000228881836,25.6299991607666,25.670000076293945,2935900.0,23.891679763793945
2017-12-26,26.049999237060547,25.6299991607666,25.700000762939453,25.950000762939453,2547300.0,24.152280807495117
2017-12-27,26.1200008392334,25.809999465942383,26.040000915527344,25.8700008392334,2332200.0,24.07782554626465
2017-12-28,26.040000915527344,25.700000762939453,25.860000610351562,26.030000686645508,3186600.0,24.22673988342285
2017-12-29,26.25,25.969999313354492,26.0,26.079999923706055,3010700.0,24.27327537536621
2018-01-02,26.15999984741211,25.790000915527344,26.079999923706055,25.90999984741211,3661700.0,24.115053176879883
2018-01-03,26.1200008392334,25.790000915527344,25.979999542236328,25.899999618530273,2804300.0,24.105745315551758
2018-01-04,25.950000762939453,25.219999313354492,25.899999618530273,25.260000228881836,3702800.0,23.510082244873047
2018-01-05,25.229999542236328,24.75,25.209999084472656,25.010000228881836,4060800.0,23.277402877807617
2018-01-08,25.18000030517578,24.90999984741211,25.059999465942383,25.030000686645508,3631700.0,23.296016693115234
2018-01-09,25.06999969482422,24.479999542236328,25.040000915527344,24.5,4296800.0,22.802730560302734
2018-01-10,24.450000762939453,24.190000534057617,24.450000762939453,24.360000610351562,3465300.0,22.67243194580078
2018-01-11,24.610000610351562,24.100000381469727,24.420000076293945,24.170000076293945,5544000.0,22.495590209960938
2018-01-12,24.149999618530273,23.610000610351562,24.1200008392334,23.639999389648438,5103400.0,22.002307891845703
2018-01-16,24.079999923706055,23.700000762939453,23.75,23.719999313354492,3902400.0,22.076766967773438
2018-01-17,23.860000610351562,23.489999771118164,23.860000610351562,23.719999313354492,3851300.0,22.076766967773438
2018-01-18,23.65999984741211,23.309999465942383,23.610000610351562,23.329999923706055,4207200.0,21.713787078857422
2018-01-19,23.440000534057617,23.15999984741211,23.350000381469727,23.420000076293945,3573300.0,21.797550201416016
2018-01-22,23.729999542236328,23.360000610351562,23.389999389648438,23.649999618530273,3710300.0,22.01161766052246
2018-01-23,24.360000610351562,23.709999084472656,23.709999084472656,24.280000686645508,5175400.0,22.59797477722168
2018-01-24,24.350000381469727,24.110000610351562,24.25,24.209999084472656,4408000.0,22.532821655273438
2018-01-25,24.389999389648438,24.110000610351562,24.200000762939453,24.3799991607666,3170100.0,22.6910457611084
2018-01-26,24.420000076293945,24.010000228881836,24.360000610351562,24.229999542236328,2699500.0,22.551435470581055
2018-01-29,24.1299991607666,23.75,24.09000015258789,24.010000228881836,2883900.0,22.346677780151367
2018-01-30,24.079999923706055,23.56999969482422,23.93000030517578,23.579999923706055,3833300.0,21.946468353271484
2018-01-31,24.219999313354492,23.56999969482422,23.6200008392334,24.079999923706055,7906200.0,22.411828994750977
2018-02-01,24.309999465942383,23.520000457763672,24.1299991607666,23.56999969482422,3552000.0,21.937158584594727
2018-02-02,23.920000076293945,23.149999618530273,23.389999389648438,23.860000610351562,4547500.0,22.207069396972656
2018-02-05,24.020000457763672,23.239999771118164,23.739999771118164,23.25,7181400.0,21.639328002929688
2018-02-06,23.59000015258789,22.799999237060547,23.059999465942383,23.459999084472656,7721400.0,21.83477783203125
2018-02-07,23.889999389648438,23.239999771118164,23.389999389648438,23.3799991607666,5312400.0,21.76032066345215
2018-02-08,23.5,22.6299991607666,23.31999969482422,22.639999389648438,5892300.0,21.071584701538086
2018-02-09,23.3700008392334,22.219999313354492,22.729999542236328,23.209999084472656,7007000.0,21.60209846496582
2018-02-12,23.229999542236328,22.280000686645508,23.219999313354492,22.850000381469727,6324400.0,21.26703643798828
2018-02-13,22.899999618530273,21.979999542236328,22.780000686645508,22.799999237060547,6820600.0,21.220502853393555
2018-02-14,22.1200008392334,21.639999389648438,21.959999084472656,21.770000457763672,6160400.0,20.59609031677246
2018-02-15,22.299999237060547,21.709999084472656,21.81999969482422,22.290000915527344,7607400.0,21.08805274963379
2018-02-16,22.850000381469727,22.34000015258789,22.34000015258789,22.68000030517578,7993600.0,21.457019805908203
2018-02-20,22.920000076293945,22.440000534057617,22.549999237060547,22.450000762939453,4370400.0,21.239421844482422
2018-02-21,22.489999771118164,21.780000686645508,22.399999618530273,21.799999237060547,4475100.0,20.624473571777344
2018-02-22,22.3700008392334,21.809999465942383,21.8700008392334,21.889999389648438,3035100.0,20.709619522094727
2018-02-23,22.360000610351562,21.90999984741211,22.010000228881836,22.360000610351562,2542600.0,21.154277801513672
2018-02-26,22.479999542236328,22.1200008392334,22.360000610351562,22.440000534057617,2725700.0,21.229963302612305
2018-02-27,22.639999389648438,21.729999542236328,22.459999084472656,21.75,3610700.0,20.57716941833496
2018-02-28,22.030000686645508,21.6200008392334,21.850000381469727,21.639999389648438,5951200.0,20.473098754882812
2018-03-01,22.290000915527344,21.479999542236328,21.600000381469727,21.93000030517578,3653200.0,20.747465133666992
2018-03-02,21.989999771118164,21.649999618530273,21.93000030517578,21.84000015258789,3169900.0,20.662315368652344
2018-03-05,22.479999542236328,21.75,21.75,22.260000228881836,4284000.0,21.05967140197754
2018-03-06,22.3700008392334,21.8799991607666,22.200000762939453,22.290000915527344,2505600.0,21.08805274963379
2018-03-07,22.65999984741211,22.06999969482422,22.219999313354492,22.6299991607666,3957700.0,21.40971565246582
2018-03-08,23.079999923706055,22.559999465942383,22.989999771118164,22.860000610351562,3699800.0,21.627317428588867
2018-03-09,22.8700008392334,22.3799991607666,22.829999923706055,22.600000381469727,4255700.0,21.381336212158203
2018-03-12,23.170000076293945,22.479999542236328,22.600000381469727,23.1200008392334,5227500.0,21.8732967376709
2018-03-13,23.309999465942383,22.809999465942383,23.149999618530273,23.0,3979400.0,21.759765625
2018-03-14,23.1200008392334,22.68000030517578,22.969999313354492,22.950000762939453,3990200.0,21.71246337890625
2018-03-15,23.09000015258789,22.739999771118164,22.8700008392334,22.950000762939453,2579800.0,21.71246337890625
2018-03-16,23.260000228881836,22.829999923706055,22.940000534057617,23.190000534057617,6596300.0,21.93952178955078
2018-03-19,23.229999542236328,22.940000534057617,23.190000534057617,23.06999969482422,4716100.0,21.82598876953125
2018-03-20,23.209999084472656,22.5,23.040000915527344,22.68000030517578,4706100.0,21.457019805908203
2018-03-21,22.790000915527344,22.280000686645508,22.690000534057617,22.520000457763672,4371100.0,21.30565071105957
2018-03-22,23.139999389648438,22.450000762939453,22.489999771118164,22.610000610351562,4708000.0,21.390796661376953
2018-03-23,22.809999465942383,22.209999084472656,22.670000076293945,22.290000915527344,3809300.0,21.08805274963379
2018-03-26,22.440000534057617,22.030000686645508,22.389999389648438,22.309999465942383,3153700.0,21.106971740722656
2018-03-27,23.1299991607666,22.0,22.350000381469727,22.790000915527344,4407600.0,21.561092376708984
2018-03-28,23.6299991607666,22.959999084472656,22.959999084472656,23.389999389648438,5593800.0,22.128734588623047
2018-03-29,23.469999313354492,23.049999237060547,23.31999969482422,23.229999542236328,5051300.0,21.97736358642578
2018-04-02,23.450000762939453,23.020000457763672,23.260000228881836,23.18000030517578,5082200.0,21.930057525634766
2018-04-03,23.18000030517578,22.420000076293945,23.170000076293945,22.950000762939453,5603000.0,21.71246337890625
2018-04-04,23.479999542236328,22.760000228881836,22.829999923706055,23.3700008392334,3989700.0,22.109813690185547
2018-04-05,23.3799991607666,22.950000762939453,23.3799991607666,23.15999984741211,2706600.0,21.911136627197266
2018-04-06,23.510000228881836,23.170000076293945,23.200000762939453,23.200000762939453,3723400.0,21.94898223876953
2018-04-09,23.3700008392334,22.950000762939453,23.229999542236328,23.139999389648438,2870500.0,21.892215728759766
2018-04-10,23.290000915527344,22.93000030517578,23.290000915527344,23.020000457763672,4506600.0,21.778688430786133
2018-04-11,23.25,22.81999969482422,22.979999542236328,22.8799991607666,2689800.0,21.6462345123291
2018-04-12,22.8799991607666,22.200000762939453,22.8700008392334,22.239999771118164,3389300.0,21.040746688842773
2018-04-13,22.43000030517578,22.06999969482422,22.290000915527344,22.420000076293945,1937000.0,21.211042404174805
2018-04-16,22.690000534057617,22.219999313354492,22.440000534057617,22.530000686645508,2824900.0,21.31511116027832
2018-04-17,22.920000076293945,22.440000534057617,22.530000686645508,22.780000686645508,2440700.0,21.55162811279297
2018-04-18,22.940000534057617,22.6299991607666,22.889999389648438,22.670000076293945,2343400.0,21.447559356689453
2018-04-19,22.6200008392334,22.049999237060547,22.579999923706055,22.360000610351562,2659300.0,21.154277801513672
2018-04-20,22.459999084472656,21.829999923706055,22.360000610351562,21.8799991607666,2865100.0,20.700159072875977
2018-04-23,22.049999237060547,21.799999237060547,21.889999389648438,21.920000076293945,1944600.0,20.738000869750977
2018-04-24,22.399999618530273,21.799999237060547,21.969999313354492,22.309999465942383,4994300.0,21.106971740722656
2018-04-25,22.3799991607666,21.979999542236328,22.18000030517578,22.34000015258789,4133600.0,21.13535499572754
2018-04-26,22.579999923706055,22.309999465942383,22.450000762939453,22.3799991607666,2786500.0,21.17319679260254
2018-04-27,23.450000762939453,22.43000030517578,22.459999084472656,23.34000015258789,4502900.0,22.08142852783203
2018-04-30,23.5,23.1200008392334,23.34000015258789,23.360000610351562,4859800.0,22.100353240966797
2018-05-01,23.739999771118164,23.1200008392334,23.399999618530273,23.670000076293945,4352200.0,22.393638610839844
2018-05-02,23.700000762939453,23.229999542236328,23.559999465942383,23.440000534057617,3899200.0,22.176036834716797
2018-05-03,23.579999923706055,23.09000015258789,23.440000534057617,23.530000686645508,3187600.0,22.261186599731445
2018-05-04,23.459999084472656,23.079999923706055,23.079999923706055,23.440000534057617,3255000.0,22.530319213867188
2018-05-07,23.81999969482422,23.399999618530273,23.440000534057617,23.780000686645508,2700800.0,22.857126235961914
2018-05-08,23.860000610351562,23.420000076293945,23.760000228881836,23.520000457763672,3544200.0,22.607215881347656
2018-05-09,23.899999618530273,23.40999984741211,23.450000762939453,23.8799991607666,2754500.0,22.953243255615234
2018-05-10,24.139999389648438,23.93000030517578,23.940000534057617,24.059999465942383,1943100.0,23.126256942749023
2018-05-11,24.280000686645508,24.030000686645508,24.149999618530273,24.079999923706055,2274900.0,23.145483016967773
2018-05-14,24.100000381469727,23.68000030517578,24.040000915527344,23.790000915527344,2908100.0,22.866737365722656
2018-05-15,23.700000762939453,23.290000915527344,23.68000030517578,23.3700008392334,2860200.0,22.463037490844727
2018-05-16,23.68000030517578,23.260000228881836,23.6200008392334,23.329999923706055,3107800.0,22.42458724975586
2018-05-17,23.450000762939453,23.059999465942383,23.389999389648438,23.139999389648438,2663800.0,22.241962432861328
2018-05-18,23.270000457763672,22.940000534057617,23.200000762939453,23.020000457763672,2607900.0,22.12662124633789
2018-05-21,23.229999542236328,22.489999771118164,22.8700008392334,23.1299991607666,2840500.0,22.232349395751953
2018-05-22,23.229999542236328,22.8799991607666,23.209999084472656,23.100000381469727,2773800.0,22.203514099121094
2018-05-23,23.510000228881836,23.170000076293945,23.190000534057617,23.209999084472656,3189000.0,22.30924415588379
2018-05-24,23.34000015258789,22.899999618530273,23.25,23.110000610351562,3767100.0,22.213125228881836
2018-05-25,23.549999237060547,23.200000762939453,23.219999313354492,23.520000457763672,2634500.0,22.607215881347656
2018-05-29,23.739999771118164,23.299999237060547,23.459999084472656,23.700000762939453,2671200.0,22.780229568481445
2018-05-30,24.18000030517578,23.5,23.65999984741211,23.969999313354492,3674500.0,23.039749145507812
2018-05-31,23.989999771118164,23.75,23.860000610351562,23.969999313354492,5880300.0,23.039749145507812
2018-06-01,24.3700008392334,23.8700008392334,23.989999771118164,24.329999923706055,3881300.0,23.385780334472656
2018-06-04,24.420000076293945,23.979999542236328,24.399999618530273,24.31999969482422,2348500.0,23.37616729736328
2018-06-05,24.559999465942383,24.149999618530273,24.43000030517578,24.190000534057617,3887600.0,23.25121307373047
2018-06-06,24.270000457763672,23.81999969482422,24.270000457763672,24.030000686645508,4985600.0,23.097423553466797
2018-06-07,24.350000381469727,23.93000030517578,24.040000915527344,24.280000686645508,3327000.0,23.337722778320312
2018-06-08,24.420000076293945,24.18000030517578,24.329999923706055,24.34000015258789,2250900.0,23.39539337158203
2018-06-11,24.3799991607666,24.18000030517578,24.34000015258789,24.18000030517578,2293700.0,23.241601943969727
2018-06-12,24.43000030517578,24.100000381469727,24.149999618530273,24.270000457763672,3632100.0,23.328107833862305
2018-06-13,24.3799991607666,23.489999771118164,24.34000015258789,23.520000457763672,3277200.0,22.607215881347656
2018-06-14,23.90999984741211,23.520000457763672,23.520000457763672,23.8700008392334,2520600.0,22.94363021850586
2018-06-15,24.18000030517578,23.81999969482422,23.93000030517578,24.020000457763672,5175200.0,23.087810516357422
2018-06-18,24.1299991607666,23.719999313354492,24.010000228881836,23.950000762939453,2527600.0,23.02052879333496
2018-06-19,24.229999542236328,23.940000534057617,23.969999313354492,24.0,2862400.0,23.068586349487305
2018-06-20,24.520000457763672,23.940000534057617,23.940000534057617,24.5,2404900.0,23.54918098449707
2018-06-21,24.760000228881836,24.440000534057617,24.459999084472656,24.6200008392334,2573700.0,23.664525985717773
2018-06-22,25.0,24.579999923706055,24.68000030517578,24.81999969482422,3168100.0,23.856761932373047
2018-06-25,25.100000381469727,24.700000762939453,24.84000015258789,24.969999313354492,2515900.0,24.00094223022461
2018-06-26,25.270000457763672,24.829999923706055,24.959999084472656,25.1200008392334,4039100.0,24.14512062072754
2018-06-27,25.229999542236328,24.979999542236328,25.15999984741211,25.06999969482422,4389500.0,24.097061157226562
2018-06-28,25.780000686645508,25.110000610351562,25.110000610351562,25.700000762939453,5588400.0,24.702613830566406
2018-06-29,25.90999984741211,25.450000762939453,25.690000534057617,25.81999969482422,4181200.0,24.817955017089844
2018-07-02,25.920000076293945,25.31999969482422,25.809999465942383,25.549999237060547,3071900.0,24.55843162536621
2018-07-03,26.290000915527344,25.350000381469727,25.530000686645508,25.850000381469727,2516400.0,24.846790313720703
2018-07-05,26.270000457763672,25.649999618530273,25.920000076293945,26.190000534057617,3500400.0,25.173595428466797
2018-07-06,26.479999542236328,26.15999984741211,26.290000915527344,26.239999771118164,4463700.0,25.221654891967773
2018-07-09,26.299999237060547,25.739999771118164,26.229999542236328,25.93000030517578,4129000.0,24.923686981201172
2018-07-10,26.09000015258789,25.84000015258789,25.889999389648438,26.010000228881836,3566000.0,25.000581741333008
2018-07-11,26.139999389648438,25.850000381469727,26.0,25.93000030517578,4392100.0,24.923686981201172
2018-07-12,25.950000762939453,25.780000686645508,25.920000076293945,25.8799991607666,3723300.0,24.875625610351562
2018-07-13,26.09000015258789,25.68000030517578,25.889999389648438,25.84000015258789,2506400.0,24.837177276611328
2018-07-16,25.84000015258789,25.5,25.780000686645508,25.780000686645508,2344500.0,24.77950668334961
2018-07-17,25.920000076293945,25.530000686645508,25.8700008392334,25.56999969482422,2844000.0,24.57765769958496
2018-07-18,25.700000762939453,25.3700008392334,25.540000915527344,25.5,3060200.0,24.510374069213867
2018-07-19,26.190000534057617,25.399999618530273,25.469999313354492,26.020000457763672,8227200.0,25.010190963745117
2018-07-20,26.040000915527344,25.649999618530273,25.959999084472656,25.979999542236328,2677700.0,24.971744537353516
2018-07-23,26.059999465942383,25.739999771118164,25.979999542236328,26.030000686645508,2182200.0,25.019805908203125
2018-07-24,26.010000228881836,25.540000915527344,25.979999542236328,25.8700008392334,2678500.0,24.86601448059082
2018-07-25,26.299999237060547,25.860000610351562,25.93000030517578,26.229999542236328,2766700.0,25.21204376220703
2018-07-26,26.469999313354492,26.110000610351562,26.329999923706055,26.350000381469727,2849400.0,25.32738494873047
2018-07-27,26.440000534057617,25.170000076293945,26.399999618530273,25.450000762939453,3963000.0,24.46231460571289
2018-07-30,25.579999923706055,25.18000030517578,25.389999389648438,25.479999542236328,2587200.0,24.491147994995117
2018-07-31,26.079999923706055,25.459999084472656,25.6299991607666,25.899999618530273,5411600.0,24.89484977722168
2018-08-01,26.010000228881836,25.09000015258789,25.56999969482422,26.0,3820700.0,24.990970611572266
2018-08-02,26.299999237060547,25.6200008392334,25.969999313354492,26.040000915527344,3691600.0,25.029417037963867
2018-08-03,26.59000015258789,25.739999771118164,25.780000686645508,26.459999084472656,3387600.0,25.799701690673828
2018-08-06,26.6299991607666,26.190000534057617,26.5,26.260000228881836,2589400.0,25.604694366455078
2018-08-07,26.479999542236328,26.110000610351562,26.25,26.469999313354492,2424900.0,25.809452056884766
2018-08-08,26.520000457763672,26.030000686645508,26.5,26.09000015258789,1630300.0,25.438934326171875
2018-08-09,26.25,26.059999465942383,26.149999618530273,26.15999984741211,1851100.0,25.50718879699707
2018-08-10,26.25,25.920000076293945,26.1299991607666,25.979999542236328,1856800.0,25.331680297851562
2018-08-13,26.059999465942383,25.81999969482422,26.020000457763672,26.049999237060547,1937400.0,25.399932861328125
2018-08-14,26.399999618530273,26.010000228881836,26.049999237060547,26.280000686645508,1848100.0,25.624195098876953
2018-08-15,27.06999969482422,26.229999542236328,26.229999542236328,26.860000610351562,3086100.0,26.189722061157227
2018-08-16,27.0,26.56999969482422,26.770000457763672,26.979999542236328,2821000.0,26.306724548339844
2018-08-17,27.229999542236328,27.020000457763672,27.030000686645508,27.219999313354492,2597600.0,26.54073715209961
2018-08-20,27.440000534057617,27.030000686645508,27.299999237060547,27.06999969482422,2377000.0,26.394479751586914
2018-08-21,27.110000610351562,26.850000381469727,27.049999237060547,26.93000030517578,2137000.0,26.25797462463379
2018-08-22,27.0,26.68000030517578,26.959999084472656,26.739999771118164,1627700.0,26.07271385192871
2018-08-23,26.8799991607666,26.690000534057617,26.799999237060547,26.709999084472656,2446400.0,26.0434627532959
2018-08-24,26.75,26.479999542236328,26.6299991607666,26.719999313354492,1082900.0,26.053213119506836
2018-08-27,26.729999542236328,26.420000076293945,26.719999313354492,26.719999313354492,1604200.0,26.053213119506836
2018-08-28,27.030000686645508,26.559999465942383,26.649999618530273,27.030000686645508,3087400.0,26.355480194091797
2018-08-29,27.200000762939453,27.040000915527344,27.079999923706055,27.059999465942383,1978600.0,26.384729385375977
2018-08-30,27.1299991607666,26.899999618530273,27.1299991607666,26.93000030517578,1713500.0,26.25797462463379
2018-08-31,27.1200008392334,26.860000610351562,26.969999313354492,27.030000686645508,2162800.0,26.355480194091797
2018-09-04,27.040000915527344,26.510000228881836,26.940000534057617,26.540000915527344,1974400.0,25.87770652770996
2018-09-05,26.84000015258789,26.280000686645508,26.469999313354492,26.639999389648438,2296600.0,25.975210189819336
2018-09-06,27.020000457763672,26.700000762939453,26.709999084472656,26.979999542236328,2407200.0,26.306724548339844
2018-09-07,26.799999237060547,26.399999618530273,26.75,26.450000762939453,1672400.0,25.78995132446289
2018-09-10,27.030000686645508,26.6299991607666,26.8799991607666,26.6299991607666,2190700.0,25.9654598236084
2018-09-11,26.780000686645508,26.3799991607666,26.469999313354492,26.65999984741211,1635300.0,25.994712829589844
2018-09-12,26.780000686645508,26.549999237060547,26.68000030517578,26.6299991607666,1537900.0,25.9654598236084
2018-09-13,26.93000030517578,26.549999237060547,26.790000915527344,26.81999969482422,1761600.0,26.15071678161621
2018-09-14,26.729999542236328,26.1200008392334,26.719999313354492,26.299999237060547,1929200.0,25.643693923950195
2018-09-17,26.760000228881836,26.280000686645508,26.3799991607666,26.739999771118164,2130600.0,26.07271385192871
2018-09-18,26.770000457763672,26.280000686645508,26.709999084472656,26.280000686645508,1984300.0,25.624195098876953
2018-09-19,26.34000015258789,26.06999969482422,26.329999923706055,26.1200008392334,2114300.0,25.46818733215332
2018-09-20,26.40999984741211,25.829999923706055,26.079999923706055,26.350000381469727,2334800.0,25.692447662353516
2018-09-21,26.450000762939453,26.139999389648438,26.270000457763672,26.389999389648438,4655800.0,25.731447219848633
2018-09-24,26.34000015258789,25.68000030517578,26.309999465942383,25.700000762939453,2753100.0,25.058670043945312
2018-09-25,26.110000610351562,25.709999084472656,25.719999313354492,25.899999618530273,2720900.0,25.253677368164062
2018-09-26,25.90999984741211,25.530000686645508,25.8799991607666,25.559999465942383,2198700.0,24.922161102294922
2018-09-27,25.90999984741211,25.56999969482422,25.68000030517578,25.649999618530273,1932600.0,25.00991439819336
2018-09-28,26.34000015258789,25.799999237060547,25.799999237060547,26.31999969482422,3555900.0,25.66319465637207
2018-10-01,26.31999969482422,25.75,26.260000228881836,25.790000915527344,2149800.0,25.146421432495117
2018-10-02,25.920000076293945,25.579999923706055,25.81999969482422,25.6200008392334,1779300.0,24.98066520690918
2018-10-03,25.690000534057617,25.06999969482422,25.610000610351562,25.3799991607666,3102000.0,24.746652603149414
2018-10-04,25.40999984741211,24.93000030517578,25.170000076293945,25.31999969482422,2829400.0,24.68815040588379
2018-10-05,25.399999618530273,25.1299991607666,25.25,25.200000762939453,2294800.0,24.57114601135254
2018-10-08,25.799999237060547,25.309999465942383,25.309999465942383,25.65999984741211,2424600.0,25.019664764404297
2018-10-09,25.920000076293945,25.510000228881836,25.729999542236328,25.90999984741211,2469600.0,25.263427734375
2018-10-10,26.229999542236328,25.770000457763672,25.899999618530273,25.799999237060547,3777900.0,25.156171798706055
2018-10-11,25.950000762939453,24.799999237060547,25.90999984741211,24.809999465942383,4600700.0,24.19087791442871
2018-10-12,25.0,24.469999313354492,24.979999542236328,24.709999084472656,4580500.0,24.093372344970703
2018-10-15,25.229999542236328,24.709999084472656,24.729999542236328,24.979999542236328,2058900.0,24.35663414001465
2018-10-16,25.75,24.799999237060547,25.010000228881836,25.68000030517578,2426400.0,25.039167404174805
2018-10-17,25.90999984741211,25.530000686645508,25.65999984741211,25.780000686645508,2077900.0,25.136672973632812
2018-10-18,25.979999542236328,25.729999542236328,25.84000015258789,25.889999389648438,2977300.0,25.243925094604492
2018-10-19,26.420000076293945,25.850000381469727,25.959999084472656,26.399999618530273,3631200.0,25.741199493408203
2018-10-22,26.6299991607666,25.8799991607666,26.40999984741211,25.950000762939453,3338800.0,25.30242919921875
2018-10-23,26.34000015258789,25.81999969482422,25.920000076293945,26.1299991607666,2810400.0,25.477937698364258
2018-10-24,26.969999313354492,26.110000610351562,26.200000762939453,26.799999237060547,3742200.0,26.13121795654297
2018-10-25,27.149999618530273,26.520000457763672,26.760000228881836,27.030000686645508,2951100.0,26.355480194091797
2018-10-26,27.1299991607666,26.18000030517578,27.010000228881836,26.489999771118164,3618500.0,25.82895278930664
2018-10-29,27.040000915527344,26.6200008392334,26.709999084472656,27.020000457763672,2754800.0,26.34572982788086
2018-10-30,27.780000686645508,26.959999084472656,27.1299991607666,27.350000381469727,6345300.0,26.667491912841797
2018-10-31,27.90999984741211,26.8700008392334,27.420000076293945,27.549999237060547,7615500.0,26.86250114440918
2018-11-01,28.190000534057617,27.15999984741211,27.639999389648438,28.1299991607666,5209100.0,27.428028106689453
2018-11-02,28.0,27.219999313354492,27.90999984741211,27.600000381469727,5772200.0,27.269941329956055
2018-11-05,28.440000534057617,27.670000076293945,27.719999313354492,28.219999313354492,5870700.0,27.882526397705078
2018-11-06,28.489999771118164,27.979999542236328,28.200000762939453,28.489999771118164,3724300.0,28.1492977142334
2018-11-07,28.729999542236328,28.270000457763672,28.5,28.719999313354492,3107200.0,28.37654685974121
2018-11-08,28.920000076293945,28.43000030517578,28.809999465942383,28.770000457763672,2541500.0,28.425949096679688
2018-11-09,28.920000076293945,28.600000381469727,28.790000915527344,28.81999969482422,3877200.0,28.475351333618164
2018-11-12,29.31999969482422,28.75,28.889999389648438,28.81999969482422,2760100.0,28.475351333618164
2018-11-13,29.139999389648438,28.709999084472656,28.889999389648438,28.780000686645508,3391400.0,28.43583106994629
2018-11-14,28.860000610351562,28.3799991607666,28.780000686645508,28.459999084472656,3624400.0,28.11965560913086
2018-11-15,28.450000762939453,27.790000915527344,28.299999237060547,28.40999984741211,3573000.0,28.070255279541016
2018-11-16,28.610000610351562,28.280000686645508,28.40999984741211,28.56999969482422,3465700.0,28.22834014892578
2018-11-19,28.719999313354492,28.3700008392334,28.56999969482422,28.65999984741211,2485200.0,28.317264556884766
2018-11-20,28.979999542236328,28.579999923706055,28.610000610351562,28.940000534057617,3765000.0,28.593917846679688
2018-11-21,29.190000534057617,28.709999084472656,28.93000030517578,28.860000610351562,2466400.0,28.514873504638672
2018-11-23,29.010000228881836,28.600000381469727,28.829999923706055,28.760000228881836,860200.0,28.41606903076172
2018-11-26,28.8799991607666,28.260000228881836,28.8799991607666,28.739999771118164,3388200.0,28.39630699157715
2018-11-27,29.139999389648438,28.510000228881836,28.799999237060547,29.059999465942383,3371400.0,28.712480545043945
2018-11-28,29.270000457763672,28.75,28.969999313354492,28.899999618530273,4191800.0,28.554393768310547
2018-11-29,28.989999771118164,28.729999542236328,28.860000610351562,28.799999237060547,4828900.0,28.455589294433594
2018-11-30,29.290000915527344,28.75,28.90999984741211,29.260000228881836,6015200.0,28.91008949279785
2018-12-03,29.399999618530273,29.010000228881836,29.360000610351562,29.15999984741211,6461000.0,28.8112850189209
2018-12-04,29.770000457763672,29.059999465942383,29.190000534057617,29.079999923706055,6317800.0,28.732242584228516
2018-12-06,30.270000457763672,28.81999969482422,29.09000015258789,30.229999542236328,7406600.0,29.86849021911621
2018-12-07,30.139999389648438,29.68000030517578,30.1200008392334,29.8700008392334,3379800.0,29.51279640197754
2018-12-10,30.219999313354492,29.459999084472656,29.940000534057617,29.799999237060547,3179600.0,29.443632125854492
2018-12-11,29.940000534057617,29.540000915527344,29.700000762939453,29.600000381469727,7433700.0,29.246023178100586
2018-12-12,29.90999984741211,28.790000915527344,29.81999969482422,28.90999984741211,4707100.0,28.56427574157715
2018-12-13,29.270000457763672,28.959999084472656,28.969999313354492,29.0,3749400.0,28.6531982421875
2018-12-14,28.989999771118164,28.65999984741211,28.950000762939453,28.950000762939453,4032000.0,28.603797912597656
2018-12-17,29.149999618530273,27.860000610351562,29.0,27.979999542236328,5536400.0,27.645397186279297
2018-12-18,28.709999084472656,28.079999923706055,28.149999618530273,28.559999465942383,3083200.0,28.218460083007812
2018-12-19,28.8799991607666,28.25,28.6299991607666,28.34000015258789,4375100.0,28.00109100341797
2018-12-20,29.079999923706055,28.31999969482422,28.520000457763672,28.770000457763672,5854600.0,28.425949096679688
2018-12-21,29.260000228881836,28.25,28.770000457763672,28.270000457763672,11141600.0,27.931928634643555
2018-12-24,28.43000030517578,26.649999618530273,28.280000686645508,26.770000457763672,1905100.0,26.449867248535156
2018-12-26,27.940000534057617,26.579999923706055,26.850000381469727,27.940000534057617,3201900.0,27.60587501525879
2018-12-27,27.93000030517578,26.940000534057617,27.790000915527344,27.809999465942383,3743800.0,27.477428436279297
2018-12-28,28.209999084472656,27.469999313354492,28.040000915527344,27.8799991607666,3379900.0,27.546592712402344
2018-12-31,28.040000915527344,27.31999969482422,27.969999313354492,27.93000030517578,2816200.0,27.59599494934082
